VarA,VarB,rho.spear,p.spear,fdr.spear,rho.clr,p.clr,fdr.clr,sparcc,p.sparcc,fdr.sparcc,Weight.glasso
SBR1093,SBR1093,0.9999999999999998,0,0,0.9999999999999998,0,0,1,1,1,0
Cyanobacteria,SBR1093,0.6395624220667073,6.29926648785167e-30,3.3536939893069455e-29,0.5433554981592205,1.889293499702591e-20,9.786043537160533e-20,0.7201029679264955,0,0,0
Cyanobacteria,Cyanobacteria,0.9999999999999998,0,0,0.9999999999999998,0,0,1,1,1,0
Firmicutes,SBR1093,0.4967926860094374,7.318515360344421e-17,2.0046368160943415e-16,0.5004044135240684,4.030211974813028e-17,1.8354459355172586e-16,0.47174171675232596,0,0,0
Cyanobacteria,Firmicutes,0.6659822700812548,3.711123352355326e-33,2.158160964908174e-32,0.6371104348900166,1.2109940761432211e-29,8.802995399656492e-29,0.8292097497425184,0,0,0
Firmicutes,Firmicutes,0.9999999999999998,0,0,0.9999999999999998,0,0,1,1,1,0
Euryarchaeota,SBR1093,0.4735883119908876,2.8712950611045307e-15,7.187745252301408e-15,0.4453885058147096,1.7346689854160295e-13,7.127226918339773e-13,0.3547278437784952,0,0,0
Cyanobacteria,Euryarchaeota,0.41280731905241536,1.26577715042315e-11,2.558629747914175e-11,0.37679633515554245,8.717221009361297e-10,3.02303627664089e-9,0.5085543935321846,0,0,0
Euryarchaeota,Firmicutes,0.5845900415306169,3.965608146489006e-24,1.577894609866152e-23,0.5474373630194131,8.601698830216088e-21,4.5794959969319455e-20,0.23705231646246447,0,0,0
Euryarchaeota,Euryarchaeota,0.9999999999999998,0,0,0.9999999999999998,0,0,1,1,1,0
Actinobacteria,SBR1093,0.5789809138819546,1.3472123919983544e-23,5.196390654850795e-23,0.5056990911221676,1.659293318004015e-17,7.743368817352071e-17,0.5646463918133606,0,0,0
Actinobacteria,Cyanobacteria,0.5002736896970628,4.1186903745160277e-17,1.1447536482110724e-16,0.4869642865923612,3.582545137263213e-16,1.593178896335876e-15,0.6659796511125694,0,0,0
Actinobacteria,Firmicutes,0.7539529186489806,8.645970055469855e-47,7.600410885971174e-46,0.729115096137793,2.121173665549638e-42,2.1100095936256927e-41,0.4855266177090288,0,0,0
Actinobacteria,Euryarchaeota,0.7680497434430336,1.6025852420146169e-49,1.5532749268757055e-48,0.73641981432004755,1.2224795603047396e-43,1.3591096288093869e-42,0.4360439817655123,0,0,0
Actinobacteria,Actinobacteria,0.9999999999999998,0,0,0.9999999999999998,0,0,1,1,1,0
Bacteroidetes,SBR1093,0.3222888533143633,2.1155798612367485e-7,3.2507690550711015e-7,0.35542534002416487,8.50782474462714e-9,2.8459803128044768e-8,0.3765077024463559,0,0,0
Bacteroidetes,Cyanobacteria,0.6667003656408856,2.999851740876618e-33,1.7717874344552524e-32,0.6572302983937246,4.7362097910154384e-32,3.5805746020076712e-31,0.8550100418981625,0,0,0.03277790993347588
Bacteroidetes,Firmicutes,0.6114583177189385,8.045487682707894e-27,3.536272493097191e-26,0.582296968498366,6.556601882426754e-24,3.840117727723896e-23,0.6417877105270154,0,0,0
Bacteroidetes,Euryarchaeota,0.48674937952920055,3.7070472064873503e-16,9.730998917029294e-16,0.47134511645864385,4.03495226764359e-15,1.7137213001901988e-14,0.22751724988742364,0.020000000000000018,0.03150000000000003,0
Actinobacteria,Bacteroidetes,0.57580841625831225,2.662827217897178e-23,1.0045816974958264e-22,0.5666813722667977,1.8154906889848295e-22,1.0242619110989037e-21,0.3956257426167198,0,0,0
Bacteroidetes,Bacteroidetes,1,-0,-0,1,-0,-0,1,1,1,0
Proteobacteria,SBR1093,0.3833799334331451,4.1758233734728027e-10,7.814164530558017e-10,0.44065942709693695,3.3279043736855016e-13,1.3526321002721716e-12,0.3521236309013641,0,0,0
Cyanobacteria,Proteobacteria,0.5773215788269535,1.9257830250626794e-23,7.352989732057503e-23,0.5649004353469087,2.622216270537183e-22,1.4576437503868456e-21,0.8195378503770608,0,0,0
Firmicutes,Proteobacteria,0.7161242787160638,2.7143385295242553e-40,2.011803851294448e-39,0.6921791416470712,1.0555724155567241e-36,9.06832666091913e-36,0.5802768822317487,0,0,0
Euryarchaeota,Proteobacteria,0.6019199552956408,7.773963283188392e-26,3.265064578939125e-25,0.5899959108911135,1.1929378070411987e-24,7.273072436476986e-24,0.22271088441584658,0.06000000000000005,0.0872307692307693,0
Actinobacteria,Proteobacteria,0.7357883732765815,1.570352744766297e-43,1.2629645479184259e-42,0.7310671123592483,9.985584977149827e-43,1.0201489517196309e-41,0.49531074975476036,0,0,0
Bacteroidetes,Proteobacteria,0.8341390256953474,1.6395906107488313e-65,1.9992427447195425e-64,0.8305333737198297,1.8209402919157014e-64,2.458269394086197e-63,0.8861573580135526,0,0,0.07675330460554174
Proteobacteria,Proteobacteria,0.9999999999999998,0,0,0.9999999999999998,0,0,1,1,1,0
SBR1093,Verrucomicrobia,0.3234695403974504,1.89879864380449e-7,2.929575050441213e-7,0.28885551217085775,3.7480755123553713e-6,9.977271434298101e-6,0.36478448600946956,0,0,0
Cyanobacteria,Verrucomicrobia,0.28929293342782464,3.6179530738972457e-6,5.280255837579764e-6,0.2624045499385804,2.8511186651026292e-5,6.998200359797363e-5,0.6616482185274222,0,0,0
Firmicutes,Verrucomicrobia,0.6353887511318157,1.9095181791392694e-29,9.887642078282793e-29,0.609439044947788,1.3088160006044263e-26,8.679516635587249e-26,0.42025994739880423,0,0,0
Euryarchaeota,Verrucomicrobia,0.5854719078034598,3.2648954981809083e-24,1.3129047854387056e-23,0.5602912974747842,6.72159258390111e-22,3.682263763354521e-21,0.1499958031508959,0.24,0.31831578947368416,0
Actinobacteria,Verrucomicrobia,0.6981293433609724,1.4609901657861802e-37,9.861683619056716e-37,0.6847211480956688,1.1775197088393911e-35,9.891165554250885e-35,0.5189881697683317,0,0,0
Bacteroidetes,Verrucomicrobia,0.5977767633161534,2.033939161397386e-25,8.448670362727603e-25,0.5822644191145062,6.603377045027864e-24,3.840117727723896e-23,0.5534342930803878,0,0,0
Proteobacteria,Verrucomicrobia,0.7327617863510543,5.163851704643423e-43,3.9835427435820695e-42,0.7216548559370355,3.558466629273368e-41,3.4489753483726485e-40,0.5217488831899084,0,0,0
Verrucomicrobia,Verrucomicrobia,1,-0,-0,1,-0,-0,1,1,1,0
SBR1093,Unassigned.1,0.26732703434783495,1.9855819944233694e-5,2.7695571730333342e-5,0.327947135438205,1.2548718328867155e-7,3.7947324226494275e-7,0.2847151509870667,0,0,0
Cyanobacteria,Unassigned.1,0.3574666311588954,6.893212682563662e-9,1.1737091864905695e-8,0.34200392822269066,3.272167987566338e-8,1.0393945372269545e-7,0.8324412151583844,0,0,0
Firmicutes,Unassigned.1,0.6147699338706872,3.594795616517139e-27,1.5986267565217396e-26,0.5800851671751968,1.0609196459015208e-23,6.07617615379962e-23,0.4855957043485384,0,0,0
Euryarchaeota,Unassigned.1,0.7187218551582915,1.0516272403007274e-40,7.950301936673499e-40,0.6965928239517633,2.4459131567526737e-37,2.25501261768905e-36,0.24169113954397597,0.020000000000000018,0.03150000000000003,0
Actinobacteria,Unassigned.1,0.6846152862732452,1.2178977397903924e-35,7.802802468487598e-35,0.6729769572030718,4.553476681833692e-34,3.595775810908712e-33,0.2998287368422206,0.020000000000000018,0.03150000000000003,0
Bacteroidetes,Unassigned.1,0.6292625839852152,9.43279231641276e-29,4.630643500784446e-28,0.6137511211117032,4.6105590139489255e-27,3.112127334415525e-26,0.8510389586929494,0,0,0.018200540927619527
Proteobacteria,Unassigned.1,0.8303299369581789,2.0823393488438083e-64,2.4597633558217485e-63,0.8170591340620157,9.110125207037757e-61,1.187457699400094e-59,0.9340842647383898,0,0,0.11341632985240405
Unassigned.1,Verrucomicrobia,0.70183920305194325,4.153389568180705e-38,2.9622287863628426e-37,0.683495361044983,1.7383489256425114e-35,1.428469334549716e-34,0.32194711921154595,0,0,0
Unassigned.1,Unassigned.1,0.9999999999999998,0,0,0.9999999999999998,0,0,1,1,1,0
Chlamydiae,SBR1093,0.15567146709200194,0.01412333569548366,0.016226811224598247,0.15597646169481738,0.013933282298971396,0.02427087884336953,0.13855377222587484,0.020000000000000018,0.03150000000000003,0
Chlamydiae,Cyanobacteria,0.10712434412977764,0.09231311158951185,0.10180924560019707,0.14269646376185297,0.024617915816280606,0.040459009471974214,0.3692679303641314,0,0,0
Chlamydiae,Firmicutes,0.35130892711133144,1.294699622834043e-8,2.1464756904880185e-8,0.2758262465392439,1.0453556080738729e-5,2.6698947287292157e-5,0.17852039246009477,0,0,0
Chlamydiae,Euryarchaeota,0.34837544967734574,1.7399283333618425e-8,2.8595343913512023e-8,0.19883198306755798,0.0016502862497076623,0.0032832010652078755,-0.24227349140683385,0,0,0
Actinobacteria,Chlamydiae,0.4313330309432461,1.1681694561627696e-12,2.5524164995926408e-12,0.26896018084333656,1.7582177990217006e-5,4.4307088535346854e-5,-0.05668563830620432,0.42,0.5088461538461538,0
Bacteroidetes,Chlamydiae,0.21094081595574007,8.293480990065591e-4,0.0010312288862647347,0.21466226580401573,6.66052591651225e-4,0.001383339998044852,0.21387566868837504,0,0,0
Chlamydiae,Proteobacteria,0.37752589380965385,8.040965098374395e-10,1.4826755157002544e-9,0.28680418583701506,4.4200897500183464e-6,1.1514244654239198e-5,0.14236892895605685,0.06000000000000005,0.0872307692307693,0
Chlamydiae,Verrucomicrobia,0.4502905662845568,8.734829650670214e-14,2.050786091896485e-13,0.2942992674388641,2.404385665376146e-6,6.5385451907351306e-6,-0.02936197474407267,0.5,0.5962145110410094,0
Chlamydiae,Unassigned.1,0.4685344406387434,6.158286783908998e-15,1.521459087789282e-14,0.30688713882861185,8.312963154692358e-7,2.427608212166586e-6,0.033956040542648794,0.6399999999999999,0.7420858895705521,0
Chlamydiae,Chlamydiae,1,-0,-0,1,-0,-0,1,1,1,0
SBR1093,ZB3,0.4254695481316867,2.5229134803550564e-12,5.387916924148087e-12,0.33461728658508955,6.686965174270446e-8,2.0889858147720898e-7,0.35920538906306954,0,0,0
Cyanobacteria,ZB3,0.2577001604613256,4.002267448886457e-5,5.461577962740364e-5,0.23258919124122712,2.1978533193536004e-4,4.802245981015381e-4,0.4539571927174364,0,0,0
Firmicutes,ZB3,0.4897590182747443,2.2924616555002467e-16,6.102468350556995e-16,0.4025399898959843,4.4581622266349607e-11,1.6521424722235444e-10,0.25185750122075,0,0,0
Euryarchaeota,ZB3,0.5210924846079307,1.149827353663782e-18,3.477077917479277e-18,0.4333692827835143,8.909671080134601e-13,3.5451112297798728e-12,-0.08482328888045247,0.38,0.46788273615635184,0
Actinobacteria,ZB3,0.6189642505704233,1.2780761157317763e-27,5.7513425207929935e-27,0.4919947823904064,1.5992367163514898e-16,7.196565223581705e-16,0.2881055682080647,0,0,0
Bacteroidetes,ZB3,0.3795683678494356,6.407127898690469e-10,1.1930514018251219e-9,0.4306077813737727,1.2859300599683174e-12,5.06334961112525e-12,0.2561034165915524,0,0,0
Proteobacteria,ZB3,0.5081517153953153,1.0942478528211246e-17,3.1099675817021433e-17,0.5052263853404755,1.7972324936745314e-17,8.284803446450888e-17,0.1866924303322805,0,0,0
Verrucomicrobia,ZB3,0.5609090859840691,5.929891077074387e-22,2.0377262064855622e-21,0.4565872912544636,3.5599944614953475e-14,1.4951976738280461e-13,0.161126530049586,0,0,0
Unassigned.1,ZB3,0.5245781600284701,6.164091182498644e-19,1.894330460962998e-18,0.4834412965514286,6.253146549298269e-16,2.686010676857666e-15,0.048814464310552044,0.26,0.34006920415224917,0
Chlamydiae,ZB3,0.5269945704052241,3.98408365121169e-19,1.2344128034082122e-18,0.30033314087708424,1.4541747925907005e-6,4.071689419253961e-6,0.19738886439809938,0,0,0
ZB3,ZB3,0.9999999999999998,0,0,0.9999999999999998,0,0,1,1,1,0
SBR1093,TM7,0.07583438448030837,0.234077077032788,0.2506547737064982,-0.025700228444232122,0.6871325631172229,0.737886672892927,-0.07544025191721758,0.16,0.22072992700729926,0
Cyanobacteria,TM7,-0.09127918519178112,0.15180140448051785,0.16536291323814337,-0.07923564905666472,0.21369976661596088,0.2738254636638414,0.013045360777227231,0.6000000000000001,0.7021671826625387,0
Firmicutes,TM7,0.22443882138889204,3.678137733743661e-4,4.681266206582841e-4,0.020393877731445343,0.7492914253474188,0.7955959516329334,-0.11930927707333977,0,0,0
Euryarchaeota,TM7,0.42481377438967816,2.7472727540296966e-12,5.8340960731641874e-12,0.17522965238623112,0.005657139019154821,0.010586131431883776,-0.13167656447801823,0,0,0
Actinobacteria,TM7,0.36633049610298973,2.716398565570072e-9,4.82065097551872e-9,0.11150292323888453,0.07967967776804151,0.11628925944524977,-0.19110934191087453,0,0,0
Bacteroidetes,TM7,0.1436030119475496,0.02371144272454339,0.026915691741373576,0.05680049922486517,0.37309257730990686,0.44639494752640035,-0.010893300333091535,0.5800000000000001,0.6808695652173915,0
Proteobacteria,TM7,0.2827019573680723,6.123273388651008e-6,8.767414170113943e-6,0.0640721967504634,0.3149231599236959,0.38497694532621385,-0.11092513503164964,0.06,0.0872307692307693,0
TM7,Verrucomicrobia,0.4018072848216084,4.869313445791481e-11,9.390818788312141e-11,0.09904237992340284,0.11978694776824095,0.16405603716085174,-0.17085820052760542,0,0,0
TM7,Unassigned.1,0.47454340379516813,2.4821985548474783e-15,6.2551403582156456e-15,0.14317679141174652,0.024133979105914256,0.03983687380801568,-0.13202980900312644,0,0,0
Chlamydiae,TM7,0.33192996387671225,8.632768270661233e-8,1.3653499607991407e-7,0.09502082018758605,0.1356446634196334,0.18182157011567884,-0.0458157493484073,0.62,0.7233333333333334,0
TM7,ZB3,0.328675706955294,1.1723454461526863e-7,1.8387824840071178e-7,0.10285418485012583,0.10612577586179266,0.14968486296924485,-0.07526588939600753,0.02,0.03150000000000003,0
TM7,TM7,1,-0,-0,1,-0,-0,1,1,1,0
SBR1093,WPS-2,0.10902093225188214,0.08665735429929884,0.09606005843148081,0.04127351089236675,0.5176526915420717,0.5874010032885396,0.07516440784180847,0.17999999999999994,0.2465217391304347,0
Cyanobacteria,WPS-2,0.20518893696868387,0.0011555126723365261,0.0014227485020951365,0.13144909647280664,0.03858471019085115,0.05977467398418744,0.35772287245256007,0,0,0
Firmicutes,WPS-2,0.37631318212099424,9.195078260221881e-10,1.6872522244484813e-9,0.18656219376027366,0.00318724818067039,0.006173900528906922,0.1735072166550926,0,0,0
Euryarchaeota,WPS-2,0.41259112547667776,1.3003611773257044e-11,2.6064482245402507e-11,0.14652518416143873,0.02098269762983845,0.03509495444282714,-0.17288981061692926,0,0,0
Actinobacteria,WPS-2,0.46459780441456416,1.1061826788919049e-14,2.6803657219303847e-14,0.16043030038071965,0.011402857560704346,0.020236057079559826,-0.07923132948107084,0.24,0.31831578947368416,0
Bacteroidetes,WPS-2,0.3728651450896752,1.3423328792814434e-9,2.4277599443463424e-9,0.14828283784507623,0.01947595965544459,0.03286568191856274,0.27209554597765206,0,0,0
Proteobacteria,WPS-2,0.43099877523521185,1.2210750236591786e-12,2.6526802238113193e-12,0.17081477785085783,0.007012540463830974,0.012743943727538981,0.12866929069159008,0.040000000000000036,0.060480000000000055,0
Verrucomicrobia,WPS-2,0.3853249703822856,3.349189210357018e-10,6.298475231417676e-10,0.14025854455588277,0.027205017990715823,0.04357413898512958,-0.12029447421614797,0.1,0.14210526315789487,0
Unassigned.1,WPS-2,0.48506345344989604,4.842373488638078e-16,1.262356674969099e-15,0.17360925591324589,0.006124609536764828,0.011312707619872764,0.06583728764365276,0.24,0.31831578947368416,0
Chlamydiae,WPS-2,0.3331478775746483,7.691506257988204e-8,1.2215921703863616e-7,0.06511826629986894,0.3070710456697381,0.37808747642723456,0.1317994064790752,0,0,0
WPS-2,ZB3,0.3543987618589756,9.452326584441736e-9,1.5879908661862116e-8,0.12424306848443749,0.05066863770837703,0.07661098021506607,0.0020878383515736476,0.72,0.8124179104477612,0
TM7,WPS-2,0.4034455456307552,3.996469609483987e-11,7.8272824475904e-11,0.14985005609607668,0.018212613804034637,0.031010666747410327,0.17962389232364728,0,0,0
WPS-2,WPS-2,1,-0,-0,1,-0,-0,1,1,1,0
Lentisphaerae,SBR1093,-0.1887853378694066,0.0028370745306277134,0.0034262433628666953,-0.003686536085870931,0.9539377896087008,0.9632899832415477,-0.20082349639552216,0,0,0
Cyanobacteria,Lentisphaerae,0.07019531695314596,0.27080476422055466,0.28844963575506627,0.04233457494235394,0.5069367473345422,0.5771749713628221,0.2590392716612534,0,0,0
Firmicutes,Lentisphaerae,0.18196222280933008,0.004038892082434874,0.004816092136152625,0.1500639134000384,0.018045875215950104,0.030865795618231398,0.06312558889820798,0.19999999999999996,0.27,0
Euryarchaeota,Lentisphaerae,0.42667810939050826,2.155283718202329e-12,4.6289616220481844e-12,0.2782480787605854,8.672709431697032e-6,2.23012528243638e-5,-0.08522683513125134,0.42,0.5088461538461538,0
Actinobacteria,Lentisphaerae,0.17374537739666032,0.006084049666017722,0.007186783667983434,0.048794711521345104,0.44427535384637784,0.5135660053637028,-0.47209562383951975,0,0,0
Bacteroidetes,Lentisphaerae,0.4230925324055582,3.4327059983770465e-12,7.24895456640516e-12,0.3018796721247172,1.2759753929431632e-6,3.599393272630714e-6,0.4025321893509718,0,0,0
Lentisphaerae,Proteobacteria,0.3718054577877096,1.5065017900397982e-9,2.711703222071637e-9,0.2213353270991003,4.453559214057844e-4,9.404722809574665e-4,0.21888346975407508,0,0,0
Lentisphaerae,Verrucomicrobia,0.32609197031575643,1.49100474159646e-7,2.3193407091500489e-7,0.15932729591845862,0.01198849482663813,0.02117593946013651,-0.21361769422361093,0.02,0.03150000000000003,0
Lentisphaerae,Unassigned.1,0.5795728805548738,1.1853998474953064e-23,4.6193932201363485e-23,0.3557010726981886,8.270097018141166e-9,2.7911577436226434e-8,0.3190513896024657,0,0,0
Chlamydiae,Lentisphaerae,0.14680893481681187,0.02073282535327346,0.023605445733546285,0.06772440088970282,0.28807365414010394,0.3584847660339722,-0.027660152965260955,0.68,0.778909090909091,0
Lentisphaerae,ZB3,0.08535077192127871,0.18032312564077363,0.19419413530544852,0.14404398112243427,0.023281014266198097,0.038597471020275796,-0.26882647359249123,0,0,0
Lentisphaerae,TM7,0.26358028931866795,2.6167724681805848e-5,3.623223417480809e-5,0.06769195610731481,0.2883052086622422,0.3584847660339722,-0.024837438629665747,0.94,1,0
Lentisphaerae,WPS-2,0.2874686038810692,4.190773226909246e-6,6.092739537583441e-6,0.03379113244021964,0.5963850291725169,0.6689422582409834,0.09781771657821166,0.020000000000000018,0.03150000000000003,0
Lentisphaerae,Lentisphaerae,0.9999999999999998,0,0,0.9999999999999998,0,0,1,1,1,0
Parvarchaeota,SBR1093,-0.3039764920236808,1.0674358796470959e-6,1.5885463090811111e-06,-0.05422601015835513,0.39517852809984044,0.4653504162671018,-0.04819101079091784,0.34,0.4284000000000001,0
Cyanobacteria,Parvarchaeota,-0.4487899697968232,1.0788796731971987e-13,2.5019418188254054e-13,-0.11771714900848454,0.06418590745608335,0.09477450397812308,-0.030836928106912465,0.54,0.637875,0
Firmicutes,Parvarchaeota,-0.1662879759917065,0.008696289350489586,0.010177081654752519,-0.2738576349530737,1.2151542653062626e-5,3.08274035091119e-5,-0.13776349910688362,0,0,0
Euryarchaeota,Parvarchaeota,-0.0686706082160358,0.28137549697908054,0.29876387038790014,-0.2595558662864085,3.503800111215452e-5,8.489977192560518e-5,-0.3703726944470199,0,0,0
Actinobacteria,Parvarchaeota,-0.013975781507680474,0.8266581387492308,0.8332714038592246,-0.185315858283314,0.0034002629828350167,0.006524362474678357,-0.28156315260738995,0,0,0
Bacteroidetes,Parvarchaeota,-0.2847536716009551,5.2055375014019704e-6,7.481723100874315e-6,-0.2685040530756626,1.8191063077939637e-5,4.523830160171831e-5,-0.08536362428549522,0.02,0.03150000000000003,0
Parvarchaeota,Proteobacteria,-0.08934152212316486,0.16072118981386463,0.1745764647978185,-0.17777988696859562,0.004985972085716302,0.00942348724200381,-0.07178580020040137,0.2,0.27,0
Parvarchaeota,Verrucomicrobia,0.050665625889188555,0.42698445091177817,0.44709175192424416,-0.2121342727328725,7.733434305734337e-4,0.0015887163954171628,-0.29918917367202313,0,0,0
Parvarchaeota,Unassigned.1,0.15834875919057148,0.012530065617701435,0.01446839137626034,-0.08799762409389647,0.16713503589662243,0.22012907166872223,-0.05092534067302733,0.36,0.44763157894736855,0
Chlamydiae,Parvarchaeota,0.10710167149735104,0.09238246360017882,0.10180924560019707,-0.04660205590278595,0.4650361586260864,0.5342968631023121,0.07887662611561368,0.040000000000000036,0.060480000000000055,0
Parvarchaeota,ZB3,-0.03866009878676806,0.5445342439430025,0.563928614275219,-0.22282167769159925,4.064996479827099e-4,8.730503803265021e-4,-0.22811330038748792,0,0,0
Parvarchaeota,TM7,0.23633743824095152,1.723781409444083e-4,2.239453271796248e-4,-0.15420941538217944,0.015066309401911835,0.026124151164782908,-0.055326347731287376,0.26,0.34006920415224917,0
Parvarchaeota,WPS-2,0.03022476925211771,0.6357254711663539,0.6530006198393526,-0.13105493446759048,0.03917617751297457,0.06019875176420157,-0.003800601455070448,0.7,0.7969879518072288,0
Lentisphaerae,Parvarchaeota,0.14303607778212465,0.02427489371380089,0.02747278390364292,-0.15776172623423002,0.012865191127724548,0.022514084473517958,0.054856891178800826,0.1200000000000001,0.16862453531598529,0
Parvarchaeota,Parvarchaeota,1,-0,-0,1,-0,-0,1,1,1,0
GN02,SBR1093,0.004190912441930354,0.9476442077453364,0.9501578528587192,-0.13671556999841203,0.031378642979027,0.04983666826080758,-0.0036227214361725575,0.26,0.34006920415224917,0
Cyanobacteria,GN02,-0.13134348757353245,0.03874243913878614,0.04319953390696507,-0.1405154365679158,0.02692184193357057,0.04330406915272202,0.06563654142950978,0.3799999999999999,0.46788273615635184,0
Firmicutes,GN02,0.20324920993029552,0.0012897129567245537,0.0015828295377983159,0.014800307130531808,0.8166074015388578,0.8512926243838496,-0.053017750781552686,0.14,0.19527675276752768,0
Euryarchaeota,GN02,0.27713771481309835,9.450111421249044e-6,1.342910570388022e-5,0.05472944394298905,0.39079899717852085,0.46453465702352476,-0.3243249442752134,0,0,0
Actinobacteria,GN02,0.33562177634843277,6.074283631909215e-8,9.729149207041031e-8,0.06141223878740003,0.3354750736321972,0.40514242119159916,-0.24988522786592665,0,0,0
Bacteroidetes,GN02,0.046560178335345356,0.46543781831535647,0.48467078601433816,-0.08632325182683533,0.1753911629356122,0.22940435844173498,-0.010945039330687318,0.76,0.847433628318584,0
GN02,Proteobacteria,0.2819489351720518,6.497191890706253e-6,9.267692583724391e-6,0.06659703320657182,0.2961926906303681,0.3663514680381583,-0.032484019774387654,0.8,0.8868035190615835,0
GN02,Verrucomicrobia,0.3385957972737066,4.560963172684746e-8,7.399330812338344e-8,0.10517888620184261,0.09841686462279838,0.13995858183145793,-0.26578418253223196,0,0,0
GN02,Unassigned.1,0.4430456972046123,2.398507317505688e-13,5.461661241067169e-13,0.22688465057743154,3.157554281413666e-4,6.82031724785352e-4,-0.062061702010408656,0.26,0.34006920415224917,0
Chlamydiae,GN02,0.4128515480223217,1.2588130830341354e-11,2.558233039714533e-11,0.13790594938869793,0.02991927265271102,0.04771934625622264,0.11111864868874612,0,0,0
GN02,ZB3,0.3179550578002292,3.133679716863098e-7,4.776334407154238e-7,0.0520876263001457,0.41410718306613625,0.4861258235993774,-0.06979662263215591,0.04,0.060480000000000055,0
GN02,TM7,0.43722090830888377,5.310954889906247e-13,1.187894052298557e-12,0.005711044360517364,0.9286972874680248,0.9446877653125199,8.368469687837716e-4,0.8600000000000001,0.934137931034483,0
GN02,WPS-2,0.21675986747617335,5.876559846075799e-4,7.355429211313417e-4,-0.002406223908530127,0.9699253868471958,0.9724981332314058,-0.0207733688729366,0.76,0.847433628318584,0
GN02,Lentisphaerae,0.1766718233640857,0.005268265955845422,0.006262278400344558,0.007722552646107981,0.9036892292757749,0.9282460018104427,-0.025615325811053406,0.84,0.9176878612716762,0
GN02,Parvarchaeota,0.5168038976328597,2.4520346364465427e-18,7.129762250590716e-18,0.26034937844421635,3.309064539285496e-5,8.069847715160758e-5,0.3136280934892349,0,0,0
GN02,GN02,1,-0,-0,1,-0,-0,1,1,1,0
Crenarchaeota,SBR1093,-0.08876806360838294,0.16343507772480875,0.17701564292257224,-0.1123421393672033,0.07742573311191267,0.11343770200117437,-0.2873235512308716,0,0,0
Crenarchaeota,Cyanobacteria,-0.405283924846096,3.1977657322333615e-11,6.328562548608432e-11,-0.42989850077170383,1.4122590816217389e-12,5.503442606732137e-12,-0.39329810025182294,0,0,0
Crenarchaeota,Firmicutes,-0.0141817535254662,0.8241446830767958,0.8329590647139808,-0.049290712711173156,0.43965304734085164,0.5097817542786562,-0.38570640774699133,0,0,0
Crenarchaeota,Euryarchaeota,0.4125734801755107,1.3032241122701253e-11,2.6064482245402507e-11,0.26866412520326877,1.7975143953644184e-5,4.499738022832782e-5,0.12644222072476902,0,0,0
Actinobacteria,Crenarchaeota,0.16499227089764043,0.009240166187591534,0.010780193885523457,0.10845695466371409,0.08830934336841188,0.127896290395631,-0.23066501257860017,0,0,0
Bacteroidetes,Crenarchaeota,-0.1676980232730989,0.008136898141407157,0.009552010861651881,-0.15134253575250842,0.017076426257018516,0.02947437956690867,-0.3540007585213131,0,0,0
Crenarchaeota,Proteobacteria,0.021622826435824884,0.7347333355409598,0.7465838732109752,0.03199568840743038,0.6160534377506944,0.6889591700288831,-0.29253743256522374,0,0,0
Crenarchaeota,Verrucomicrobia,0.2694479628416806,1.6952415866440774e-5,2.3821610399682576e-5,0.2897197329378124,3.4951472475841526e-6,9.436897568477212e-6,-0.2165963118180434,0,0,0
Crenarchaeota,Unassigned.1,0.40741134466997864,2.466328663356968e-11,4.90669597236281e-11,0.34819153173032785,1.7722928027764082e-8,5.72586905512378e-8,-0.12150252741557749,0,0,0
Chlamydiae,Crenarchaeota,0.2292738926225334,2.7159395541558404e-4,3.4800852592234156e-4,0.027000277510949664,0.6722005495685429,0.7239082841507385,-0.23789703471211196,0,0,0
Crenarchaeota,ZB3,0.28692435678026773,4.377747913195997e-6,6.340186632904547e-6,0.10712488308932916,0.09231146350298118,0.13217323183381396,-0.09402481574449444,0.1,0.14210526315789487,0
Crenarchaeota,TM7,0.47905947863415416,1.2391460003402303e-15,3.1648458657338312e-15,0.2171498836382274,5.740562357460448e-4,0.001198857774099475,0.10889309863221122,0.06000000000000005,0.0872307692307693,0
Crenarchaeota,WPS-2,0.16303328109752463,0.010119793629632442,0.011770098436926349,0.030387414953471036,0.6339077685961421,0.706835211001008,-0.17888622836614765,0,0,0
Crenarchaeota,Lentisphaerae,0.41730700326572007,7.191022765481282e-12,1.4935201128307278e-11,0.2012814136478091,0.0014403339215752363,0.0029114771248953974,0.07125907399722523,0.10000000000000009,0.14210526315789487,0
Crenarchaeota,Parvarchaeota,0.4153087359248071,9.253284079845673e-12,1.9113340886238602e-11,-0.08680302347445176,0.17299515186629133,0.22705613682450737,0.016592523540531607,0.6599999999999999,0.7629357798165136,0
Crenarchaeota,GN02,0.3298934885746673,1.0459279390929234e-7,1.6473365040713544e-7,0.1317517994602358,0.03813561966885338,0.05932207504043859,-0.09312850291334099,0,0,0
Crenarchaeota,Crenarchaeota,0.9999999999999998,0,0,0.9999999999999998,0,0,1,1,1,0
Acidobacteria,SBR1093,-0.19315628898322396,0.0022484698068585356,0.002724107650617072,-0.23988592212431498,1.3646564157640645e-4,3.088863024903092e-4,-0.5611022363426121,0,0,-0.032521105839251066
Acidobacteria,Cyanobacteria,-0.32681193921800306,1.3946919241415064e-7,2.1784857327499562e-7,-0.5418817919342648,2.50341340224278e-20,1.278770629794285e-19,-0.49145570726109616,0,0,-0.07090356940611839
Acidobacteria,Firmicutes,0.10616232998375061,0.09529249728511176,0.10471094178422163,-0.12229708557589664,0.054425748788793665,0.0816386231831905,-0.38339150906671904,0,0,0
Acidobacteria,Euryarchaeota,0.31670257008908276,3.50645225773696e-7,5.323048005721169e-7,0.10047887203281723,0.1144862197851458,0.1596892659733768,-0.28698381386962113,0,0,0
Acidobacteria,Actinobacteria,0.16853367831463298,0.007820698070400102,0.009209420157667408,-0.015691663273974633,0.8057756873539759,0.8437208028249387,-0.5276400781107076,0,0,0
Acidobacteria,Bacteroidetes,-0.021701051194573173,0.7338098236806372,0.7465838732109752,-0.2517543565318714,6.088130886874297e-5,1.4205638736040026e-4,-0.3479091740162472,0,0,0
Acidobacteria,Proteobacteria,0.2101863365372234,8.666577891222135e-4,0.0010740873583219564,-0.06448049366468744,0.3118428915567893,0.38271627600151414,-0.26782557223924264,0,0,0
Acidobacteria,Verrucomicrobia,0.3457877604581941,2.2525549057006513e-8,3.685998936601066e-8,0.1409454839542346,0.02645345438293105,0.04291590453539887,-0.3547440773295445,0,0,0
Acidobacteria,Unassigned.1,0.5452392971034555,1.3157545206598468e-20,4.324827902690627e-20,0.23455676595198993,1.935623651135479e-4,4.27874701829948e-4,-0.16453843590875206,0,0,0
Acidobacteria,Chlamydiae,0.2976289691439631,1.8243273658224712e-6,2.693733376097243e-6,0.027479313958999062,0.6667303272485956,0.7221319876789947,-0.19350061122555998,0,0,0
Acidobacteria,ZB3,0.1764119759959497,0.005336508149546079,0.006323511224227015,0.020631784508144298,0.7464660654331738,0.7948286555879991,-0.3661430801737261,0,0,0
Acidobacteria,TM7,0.4782738220501451,1.399365577286788e-15,3.550068377277892e-15,0.15818845421210193,0.012620809375421874,0.022189143925160318,0.1348314533711774,0.040000000000000036,0.060480000000000055,0
Acidobacteria,WPS-2,0.22843249133774096,2.8644416029657366e-4,3.657969344327866e-4,0.054453109896119636,0.3931992760729355,0.4653504162671018,-0.1308469059181151,0,0,0
Acidobacteria,Lentisphaerae,0.4679851825085145,6.685698057716627e-15,1.6410349778031722e-14,0.16884984293376415,0.007703948714778902,0.013867107686602024,0.13659434550438887,0,0,0
Acidobacteria,Parvarchaeota,0.5242190169813219,6.575230605923918e-19,2.004384813741323e-18,0.005631106915058047,0.9296927214186703,0.9446877653125199,0.1977926451867023,0,0,0
Acidobacteria,GN02,0.5070791242636107,1.313306319497982e-17,3.6772576945943496e-17,0.18687453345246324,0.003135795307386731,0.006109951681403012,0.08951086083270753,0,0,0
Acidobacteria,Crenarchaeota,0.7512058269903704,2.8038217695010625e-46,2.4087377928895492e-45,0.6203679486089004,9.01026428340617e-28,6.1925089075046045e-27,0.607346947687958,0,0,0
Acidobacteria,Acidobacteria,1,-0,-0,1,-0,-0,1,1,1,0
AncK6,SBR1093,-0.3533494512805586,1.0522118892528716e-8,1.7521413838660153e-8,-0.28854141498130814,3.844249430469222e-6,1.0091154754981708e-5,-0.3659355291377837,0,0,0
AncK6,Cyanobacteria,-0.5651790040699307,2.4760319329490316e-22,8.747103464062935e-22,-0.28672753488980846,4.447300845288156e-6,1.1514244654239198e-5,-0.2521661142560345,0,0,0
AncK6,Firmicutes,-0.07990761562842807,0.20982921326058734,0.2253279619673353,0.028253695708143303,0.6579247266144219,0.7186604221483182,-0.2717996309566151,0,0,0
AncK6,Euryarchaeota,0.14061867974214778,0.02680874993999088,0.030249873066616577,0.10740319011919354,0.09146355985166348,0.13145713164991937,-0.3769307377849913,0,0,0
Actinobacteria,AncK6,0.017850810176292326,0.7796946929103877,0.7901463643971222,0.06859363330251861,0.28191644063980137,0.35286229987365864,-0.4762636747367148,0,0,0
AncK6,Bacteroidetes,-0.270012095202266,1.6250727617901547e-5,2.2920802386443225e-5,-0.029818975528308995,0.6402700578367904,0.7106498400106429,-0.23435541683113914,0,0,0
AncK6,Proteobacteria,-0.03785372974687563,0.5529655454758037,0.5710955633602562,0.06396675720195182,0.3157218334685881,0.38497694532621385,-0.24534015171551254,0,0,0
AncK6,Verrucomicrobia,0.22038691045685257,4.7192106519905404e-4,5.926450586220679e-4,0.2540514255836489,5.183540664601998e-5,1.2371801523013967e-4,-0.28361967085670314,0,0,0
AncK6,Unassigned.1,0.2848010798401198,5.185964679346748e-6,7.481723100874315e-6,0.23551216351274457,1.81911400053159e-4,4.044853483534947e-4,-0.20542186984082916,0,0,0
AncK6,Chlamydiae,0.23425196007373678,1.974236941596543e-4,2.546967794960728e-4,0.11685871721687895,0.06616628895040554,0.09731851059631633,-0.053990283591934814,0.28,0.3612286689419796,0
AncK6,ZB3,0.09224527866378845,0.147496535694709,0.1611378337936416,0.01934949745714811,0.7617335322370857,0.8065413870745614,-0.29098300900009333,0,0,0
AncK6,TM7,0.3870242014829565,2.7588517435758577e-10,5.240431955134042e-10,0.14082349486365733,0.026585602894969525,0.04294597390725847,0.08567048553479792,0.1200000000000001,0.16862453531598529,0
AncK6,WPS-2,0.1333845625496201,0.035788726470439514,0.04002407871546194,0.09968309439440189,0.1173995427676037,0.1619599531611467,-0.02235585632372368,0.48,0.5741772151898734,0
AncK6,Lentisphaerae,0.3363717985717847,5.6524450187137386e-8,9.130872722537578e-8,0.21424122994949926,6.829094276547738e-4,0.0014105998013852704,0.12905622811557785,0,0,0
AncK6,Parvarchaeota,0.6246130325097029,3.09675172566397e-28,1.4451508053098528e-27,-0.0030880311775124476,0.9614095764665679,0.9665234571924538,0.3044302553436498,0,0,0
AncK6,GN02,0.49191973217227275,1.618754476606627e-16,4.3706370868378935e-16,0.3898444670018265,1.994767131005879e-10,7.25021130307906e-10,0.15278003778338928,0,0,0
AncK6,Crenarchaeota,0.700633842308442,6.263330055612981e-38,4.384331038929087e-37,0.30190486955312595,1.2732525854039644e-6,3.599393272630714e-6,0.30636244792285894,0,0,0
Acidobacteria,AncK6,0.7580559934427498,1.4487530525836874e-47,1.3038777473253186e-46,0.3781241332764491,7.524643367845212e-10,2.6582384981733553e-9,0.49609796652741234,0,0,0
AncK6,AncK6,1,-0,-0,1,-0,-0,1,1,1,0
OD1,SBR1093,-0.05593169958587211,0.38045939532578277,0.4017141101484522,-0.30345845315895736,1.1156945483600628e-6,3.1949434793947254e-6,-0.16861259890871083,0,0,0
Cyanobacteria,OD1,-0.32427556736306623,1.7632415330882105e-7,2.731579096341572e-7,-0.30683716366053404,8.348917131789847e-7,2.427608212166586e-6,-0.19963877117930195,0,0,0
Firmicutes,OD1,0.025367542244293443,0.6909735687592898,0.7059135378135447,-0.09764951470941247,0.12510724925704766,0.16950014415470974,-0.33287363950320265,0,0,0
Euryarchaeota,OD1,0.2389420591583974,1.452645558879628e-4,1.9132404921829246e-4,-0.13555143710582682,0.032864107669675256,0.05197754267421442,-0.37860210429823604,0,0,0
Actinobacteria,OD1,0.23633528855921143,1.72402355050981e-4,2.239453271796248e-4,-0.04968532833582578,0.4359952464288105,0.5072068120848255,-0.3695221452629809,0,0,0
Bacteroidetes,OD1,-0.133723724475502,0.03531689570241724,0.039613610016361184,-0.14969322853028424,0.01833573845358771,0.03108031002446706,-0.2733244125949822,0,0,0
OD1,Proteobacteria,0.10416128583570554,0.10173477996948141,0.11146593283612745,-0.023617531090399872,0.71130658212883,0.7595307571884118,-0.23562345169960502,0,0,0
OD1,Verrucomicrobia,0.27041143522221167,1.5770742874669128e-5,2.2327119125936066e-5,0.02756832812136447,0.6657157816115566,0.7221319876789947,-0.38927216547026366,0,0,0
OD1,Unassigned.1,0.4028249346951197,4.3075598388459144e-11,8.393080510741008e-11,0.10515635950537651,0.09848937239991484,0.13995858183145793,-0.2140260258646958,0,0,0
Chlamydiae,OD1,0.3701117835991501,1.8100187279832605e-9,3.2425927923112443e-9,0.014726066673458485,0.817511171035284,0.8512926243838496,-0.013410716231085288,0.86,0.934137931034483,0
OD1,ZB3,0.26777027135650716,1.9212664380454662e-5,2.6897730132636524e-5,-0.024944640902105117,0.6958675722897749,0.7451499782593057,-0.19289562833012555,0,0,0
OD1,TM7,0.5173080692122652,2.2444081072655816e-18,6.576637709661936e-18,0.010511073398248295,0.8691826040552797,0.8952343987272364,0.09924297178598335,0.040000000000000036,0.060480000000000055,0
OD1,WPS-2,0.23956005752942708,1.3944542625268804e-4,1.8430199693537092e-4,0.011288923856987938,0.8595982161039768,0.8877817641729596,-0.06816146837624573,0.12,0.16862453531598529,0
Lentisphaerae,OD1,0.247733151680825,8.038890523059804e-5,1.0699650062382416e-4,-0.054278456051546096,0.3947209134234161,0.4653504162671018,-0.02418686175806703,0.3,0.3818181818181819,0
OD1,Parvarchaeota,0.5914614404677413,8.580186363148319e-25,3.52533744051094e-24,0.24696042125332718,8.475462592135283e-5,1.941651430198265e-4,0.3192363671850662,0,0,0
GN02,OD1,0.6251446166380373,2.705959623055017e-28,1.2785659218934956e-27,0.38921248506487977,2.145694498871169e-10,7.724500195936209e-10,0.26789317775153687,0,0,0
Crenarchaeota,OD1,0.5757709884505159,2.6841997737322344e-23,1.0045816974958264e-22,0.1630757995337481,0.010099941517659998,0.01800838629092207,0.22836242878875573,0,0,0
Acidobacteria,OD1,0.65114069333356706,2.6511795040445566e-31,1.4957400784012573e-30,0.2530806573032457,5.5491872312478186e-5,1.3028526542929663e-4,0.35651505583639015,0,0,0
AncK6,OD1,0.6301040037204038,7.590611537795109e-29,3.8256682150487347e-28,0.3318664594226628,8.684772512843152e-8,2.668978869800579e-7,0.29393334055844644,0,0,0
OD1,OD1,1,-0,-0,1,-0,-0,1,1,1,0
Planctomycetes,SBR1093,0.030956893802996134,0.6275607025722872,0.6463704239027919,-0.003968256422883873,0.9504221208889277,0.9631623637962861,-0.18698312315222682,0,0,0
Cyanobacteria,Planctomycetes,-0.23741544926232847,1.6062792205473673e-4,2.1009465237609165e-4,-0.28857641851664895,3.833416367336226e-6,1.0091154754981708e-5,-0.2410859956812339,0,0,0
Firmicutes,Planctomycetes,0.20235402920329737,0.0013563448034924976,0.0016592179149519872,0.13209196215600919,0.037636232994538076,0.05878717385097269,-0.35073199801166766,0,0,0
Euryarchaeota,Planctomycetes,0.4129025507789466,1.2508287475306398e-11,2.5557473868463884e-11,0.34291853418639573,2.991139162566434e-8,9.581784775000948e-8,-0.111054168654697,0.28,0.3612286689419796,0
Actinobacteria,Planctomycetes,0.41953103751845106,5.420757138157058e-12,1.1320697227753415e-11,0.3636659749996081,3.604679172967493e-9,1.2275393940375786e-8,-0.048572408197294296,0.74,0.8325,0
Bacteroidetes,Planctomycetes,0.0557257492635439,0.3822186472177831,0.402447489271092,0.04377038351481025,0.49262277741850946,0.5642769995884745,-0.3207312994720067,0,0,0
Planctomycetes,Proteobacteria,0.31197496672755176,5.334813597947543e-7,8.034101753084347e-7,0.2985105864324341,1.6947428630123461e-6,4.676005855610707e-6,-0.1674254460319875,0.02,0.03150000000000003,0
Planctomycetes,Verrucomicrobia,0.5638638488933496,3.2446197630454804e-22,1.1356169170659182e-21,0.5183851458754933,1.8569489836238116e-18,9.115931374153257e-18,0.01513488553410221,0.98,1,0
Planctomycetes,Unassigned.1,0.6020742001500755,7.498506770032923e-26,3.184759055137579e-25,0.5939346760116385,4.901243702264645e-25,3.0371641302557965e-24,-0.15596140582450843,0.06,0.0872307692307693,0
Chlamydiae,Planctomycetes,0.44902182270073954,1.0443142520764652e-13,2.436733254845086e-13,0.1956569806098397,0.0019640386647063164,0.0038869456296282074,-0.24279676971079467,0,0,0
Planctomycetes,ZB3,0.3697807379818125,1.8759015602802372e-9,3.3447678763487246e-9,0.22902423734800179,2.7592363308331106e-4,5.994203063533999e-4,-0.2329643190454828,0,0,0
Planctomycetes,TM7,0.5677404378544878,1.4574127264167792e-22,5.197188779108892e-22,0.12510432583698056,0.04907612212806645,0.07450110106188401,-0.12150116119252322,0,0,0
Planctomycetes,WPS-2,0.3356308204402269,6.069020873892428e-8,9.729149207041031e-8,0.029574232771296616,0.6430175051905493,0.7106498400106429,-0.33840071225533797,0,0,0
Lentisphaerae,Planctomycetes,0.3988774076045086,6.9140656387668e-11,1.3266582799258124e-10,0.12724125843968176,0.045304317097065123,0.06933211280441545,-0.2293441381460404,0.02,0.03150000000000003,0
Parvarchaeota,Planctomycetes,0.5343424377507295,1.0341311553374528e-19,3.284887199307203e-19,0.14555267650973694,0.02185898305854202,0.03639954007105235,0.09832467176177638,0.15999999999999992,0.22072992700729926,0
GN02,Planctomycetes,0.6033788588236039,5.522189977045596e-26,2.372031603776404e-25,0.35272039099177704,1.1218563224888651e-8,3.687492955659052e-8,0.0010461102781482447,0.8200000000000001,0.901046511627907,0
Crenarchaeota,Planctomycetes,0.6733224864799613,4.099063961822976e-34,2.4991067380146532e-33,0.6087290406722323,1.5517610534383326e-26,1.0113201348270513e-25,0.42176990376569923,0,0,0
Acidobacteria,Planctomycetes,0.7354481054175764,1.796691470465566e-43,1.4148945329916334e-42,0.5369994421530268,6.298396543224335e-20,3.174391857785065e-19,0.3741031163144891,0,0,0
AncK6,Planctomycetes,0.6721668220858087,5.8230790571110595e-34,3.4938474342666355e-33,0.36983553235539923,1.864838585876773e-9,6.4082635041947295e-9,0.13399600237562986,0.040000000000000036,0.060480000000000055,0
OD1,Planctomycetes,0.6986200552177017,1.2384415445788424e-37,8.5114709791055e-37,0.2894117073521678,3.5833707225474088e-6,9.606483213637734e-6,0.21001702124351634,0.020000000000000018,0.03150000000000003,0
Planctomycetes,Planctomycetes,1,-0,-0,1,-0,-0,1,1,1,0
SAR406,SBR1093,0.23483372065560992,1.9011513241853445e-4,2.4610794539111654e-4,0.18062940742663205,0.004321410838576341,0.008208509030059583,0.21493720143855488,0,0,0
Cyanobacteria,SAR406,-0.004617817482329102,0.9423198291772581,0.9473321686941584,-0.029674168309012334,0.6418950540987145,0.7106498400106429,0.17224688704495503,0.020000000000000018,0.03150000000000003,0
Firmicutes,SAR406,0.42223887374086533,3.831859158867526e-12,8.046904233621805e-12,0.3779029137135526,7.711711225455295e-10,2.699098928909353e-9,-0.024291535466121977,0.68,0.778909090909091,0
Euryarchaeota,SAR406,0.6742217555322633,3.1157611604990285e-34,1.9307503584731685e-33,0.6282818798336783,1.2141155469686604e-28,8.498808828780624e-28,0.3963017326156414,0,0,0
Actinobacteria,SAR406,0.7057795087982476,1.0688079513016956e-38,7.769411646000787e-38,0.6935270909745475,6.772661578852819e-37,6.095395420967537e-36,0.613793999148724,0,0,0
Bacteroidetes,SAR406,0.2608243614667336,3.1974361914056635e-5,4.395021383095785e-5,0.2539953967432797,5.2040117517439705e-5,1.2371801523013967e-4,-0.02484131937715229,0.76,0.847433628318584,0
Proteobacteria,SAR406,0.5299976594312641,2.3048898529912013e-19,7.260403036922284e-19,0.5230652429197896,8.086736247170435e-19,4.0220872387242426e-18,0.15513761954696764,0.41999999999999993,0.5088461538461538,0
SAR406,Verrucomicrobia,0.6538711407674216,1.2307812801667818e-31,7.049020059137023e-31,0.6344537261460521,2.4423802418834882e-29,1.7419240215697331e-28,0.32421368815800367,0,0,0
SAR406,Unassigned.1,0.7458283751943512,2.6842666389798654e-45,2.254783976743087e-44,0.7347907156077053,2.3291245755007426e-43,2.515454541540802e-42,0.05354747751573874,0.8200000000000001,0.901046511627907,0
Chlamydiae,SAR406,0.519328924472823,1.5719671430873447e-18,4.715901429262034e-18,0.2502019790909286,6.781445240836072e-5,1.5726296325374448e-4,-0.22431400432517085,0,0,0
SAR406,ZB3,0.5582095779798354,1.0233714058841202e-21,3.484994517335112e-21,0.4296584444967614,1.4576955318957506e-12,5.622539908740752e-12,0.05958630934098866,0.30000000000000004,0.3818181818181819,0
SAR406,TM7,0.5133434435399473,4.4827885649294586e-18,1.2837076345025268e-17,0.15012074901933947,0.01800178619064681,0.030865795618231398,-0.23433954505631227,0,0,0
SAR406,WPS-2,0.34979000461551857,1.5093768342640105e-8,2.4914604513178863e-8,0.06368276122068542,0.3178795894134231,0.38512334871241644,-0.4174417002372658,0,0,0
Lentisphaerae,SAR406,0.3605692487160809,4.991867066556532e-9,8.655622711735639e-9,0.11861481785304362,0.06216729816384217,0.09215387727816604,-0.5350254161635405,0,0,0
Parvarchaeota,SAR406,0.4342518590962257,7.918192906123266e-13,1.740160999136392e-12,0.041138325174794585,0.5190262833290271,0.5874010032885396,-0.16609676721028616,0.06,0.0872307692307693,0
GN02,SAR406,0.6451792842958408,1.3780310338956401e-30,7.441367583036457e-30,0.33389495150344833,7.163879624195861e-8,2.2196282770049473e-7,-0.157376399279344,0,0,0
Crenarchaeota,SAR406,0.5709800976270668,7.405952162181715e-23,2.6661427783854175e-22,0.5081443336099405,1.095625351635905e-17,5.176829786479651e-17,0.17386723433304258,0,0,0
Acidobacteria,SAR406,0.6194513376492786,1.1323006515334605e-27,5.15674272626082e-27,0.38875403137264397,2.2620595579126395e-10,8.066589744254507e-10,-0.07877858261240345,0.08,0.11586206896551725,0
AncK6,SAR406,0.5381593173551222,5.0655511674181726e-20,1.6365626848581788e-19,0.3359835007487166,5.8671858318043294e-8,1.8481635370183637e-7,-0.25725483281861183,0,0,0
OD1,SAR406,0.6321879778805767,4.418882438152374e-29,2.2572129211102666e-28,0.2386924704910379,1.47678509281407e-4,3.3227664588316575e-4,-0.1225808742129934,0.06,0.0872307692307693,0
Planctomycetes,SAR406,0.8008409412677976,1.0631333250262435e-56,1.2177708995755153e-55,0.7584099504699494,1.2397717851232412e-47,1.5117217250857586e-46,0.4037753540598368,0,0,0
SAR406,SAR406,0.9999999999999998,0,0,0.9999999999999998,0,0,1,1,1,0
PAUC34f,SBR1093,0.18608477060361728,0.003267374787265103,0.003920849744718124,0.13341633714704176,0.035744297034011795,0.05629726782856857,-0.028454612518744697,0.52,0.6161755485893416,0
Cyanobacteria,PAUC34f,-0.11443400376666805,0.07203164217331487,0.0800822374750383,-0.19361248676146015,0.002193936922869632,0.004319313316899588,-0.11656830640392901,0,0,0
Firmicutes,PAUC34f,0.30882978950078227,7.024715600383077e-7,1.0537073400574616e-6,0.17388370451677343,0.00604307908741416,0.011252630024840159,-0.2339683569731717,0,0,0
Euryarchaeota,PAUC34f,0.5580486309429566,1.0570477839772865e-21,3.5675362709233416e-21,0.4458364132733908,1.6300063479145388e-13,6.770795599029624e-13,0.11227544759891853,0.45999999999999996,0.5555271565495207,0
Actinobacteria,PAUC34f,0.46737312760431937,7.325519847328116e-15,1.786481614380663e-14,0.30376762458374024,1.08664800773872e-6,3.135518678818597e-6,-0.07891316773334978,0.2,0.27,0
Bacteroidetes,PAUC34f,0.02947351759858378,0.6441495329037378,0.6598604971209021,0.02927629791276144,0.6463686366350396,0.7106498400106429,-0.3276576997831274,0,0,0
PAUC34f,Proteobacteria,0.3199619201776463,2.6144240218462366e-7,4.001021377562257e-7,0.2993593681293524,1.5783252948760051e-6,4.386815893111249e-6,-0.26260523315343387,0,0,0
PAUC34f,Verrucomicrobia,0.5293097428099051,2.6139885691316644e-19,8.166013877122058e-19,0.43391120049914994,8.287426474869342e-13,3.3326034122346924e-12,-0.1403501117661647,0,0,0
PAUC34f,Unassigned.1,0.6077939838831649,1.94055880350863e-26,8.431393422140945e-26,0.5824152550574105,6.389347697293324e-24,3.833608618375995e-23,-0.24568239296946567,0,0,0
Chlamydiae,PAUC34f,0.5076773448745812,1.1863144112439728e-17,3.34646901082255e-17,0.2536406875820112,5.3353882086125024e-5,1.2604854642847037e-4,-0.12471243945186497,0,0,0
PAUC34f,ZB3,0.4906811942556131,1.9766746902704867e-16,5.29917044625705e-16,0.3550486307302533,8.843308247040229e-9,2.9322548398080758e-8,-0.0388112958234586,0.42,0.5088461538461538,0
PAUC34f,TM7,0.5722728488956437,5.640988237469619e-23,2.0502822632341498e-22,0.23695638261647217,1.6553703491831772e-4,3.702544331309118e-4,0.0235241273614182,0.56,0.6594392523364486,0
PAUC34f,WPS-2,0.3656842450241682,2.9100362200672776e-9,5.116249726443865e-9,0.06654511328240313,0.29657023603089006,0.3663514680381583,-0.1886746476247924,0,0,0
Lentisphaerae,PAUC34f,0.26303888640856904,2.7223271082367474e-5,3.7556191493193085e-5,0.14734927977215392,0.02026411771158194,0.034043717755457656,-0.3226007587331917,0,0,0
Parvarchaeota,PAUC34f,0.35952229823935705,5.568347446146726e-9,9.580052941864475e-9,0.017219183051500116,0.7873002600548534,0.8289679618404864,-0.1018171257343064,0,0,0
GN02,PAUC34f,0.5814298280439466,7.921518434643798e-24,3.1190978836409953e-23,0.32878424390913896,1.1605070754406921e-7,3.5376747944885614e-7,-0.04273835544718278,0.48,0.5741772151898734,0
Crenarchaeota,PAUC34f,0.6279155326294212,1.3338556836609636e-28,6.464069851587746e-28,0.5486808189788611,6.753957166974015e-21,3.647136870165968e-20,0.35804942159455844,0,0,0
Acidobacteria,PAUC34f,0.6365506236878858,1.404717361207624e-29,7.374766146340025e-29,0.5153363200646177,3.169670029871952e-18,1.5360708606302537e-17,0.23900225889624063,0,0,0
AncK6,PAUC34f,0.6211732348232543,7.367057215539474e-28,3.396033692041367e-27,0.30716414746862636,8.116344893671906e-7,2.396858101412485e-6,0.06607275116033402,0,0,0
OD1,PAUC34f,0.6297691160818002,8.27691305912973e-29,4.116675179409261e-28,0.18647779721565316,0.0032012817557295153,0.006173900528906922,0.08179784446458044,0.020000000000000018,0.03150000000000003,0
PAUC34f,Planctomycetes,0.7604755325383236,4.9682456650226855e-48,4.580480149703841e-47,0.6729678777700849,4.566064521788841e-34,3.595775810908712e-33,0.2783198185566258,0,0,0
PAUC34f,SAR406,0.7789755957592089,8.921476902073941e-52,9.635195054239857e-51,0.6588008625702193,3.0177978422588303e-32,2.328015478313955e-31,0.1954794933223026,0.040000000000000036,0.060480000000000055,0
PAUC34f,PAUC34f,1,-0,-0,1,-0,-0,1,1,1,0
Chloroflexi,SBR1093,0.22234061970647936,4.187168904350208e-4,5.293477745298926e-4,0.22183409966194007,4.319484942768233e-4,9.172838811047147e-4,0.07203536446137375,0.19999999999999996,0.27,0
Chloroflexi,Cyanobacteria,-0.1974374049131574,0.0017819756420870865,0.0021658739315399316,-0.24722672044423633,8.322555852678827e-5,1.9182476294589003e-4,-0.18274563409610634,0,0,0
Chloroflexi,Firmicutes,0.2501368597061515,6.8120919088972e-5,9.131101920436671e-5,0.18249238740846024,0.003931224612739533,0.007505065169775473,-0.26512102794613934,0,0,0
Chloroflexi,Euryarchaeota,0.5487135357639829,6.71102789886352e-21,2.2449279166109826e-20,0.48661156667909483,3.7891061017159486e-16,1.6654443098239867e-15,0.09736247634584796,0.17999999999999994,0.2465217391304347,0
Actinobacteria,Chloroflexi,0.4353379841892513,6.844944951814582e-13,1.5130930946116445e-12,0.39322352007732814,1.347051854255691e-10,4.943549523384963e-10,0.06717866820167948,0.3600000000000001,0.44763157894736855,0
Bacteroidetes,Chloroflexi,-0.05139227824327238,0.42037531876282275,0.4413940847009639,-0.07890760087061506,0.21560782490500782,0.2753370196422059,-0.40727993780011873,0,0,0
Chloroflexi,Proteobacteria,0.2535887492383728,5.3548851619388815e-5,7.255005703272033e-5,0.2226455419774584,4.1093397268795675e-4,8.775878060793654e-4,-0.2534583836011773,0.02,0.03150000000000003,0
Chloroflexi,Verrucomicrobia,0.4557544056105178,4.013018551912541e-14,9.480756328893378e-14,0.417600325119627,6.928761645684997e-12,2.6190719020689287e-11,-0.11625245825232222,0.28,0.3612286689419796,0
Chloroflexi,Unassigned.1,0.5727573502344342,5.092275237786259e-23,1.868815572702142e-22,0.5433538291319131,1.8898972968590446e-20,9.786043537160533e-20,-0.2284620365906444,0.02,0.03150000000000003,0
Chlamydiae,Chloroflexi,0.46047974915742557,2.0250851851444955e-14,4.844824050535565e-14,0.2332795540977345,2.1022847219738194e-4,4.620137354105254e-4,-0.2670362470453589,0,0,0
Chloroflexi,ZB3,0.4885581506871793,2.778633606034218e-16,7.344919601964577e-16,0.34908212058485316,1.6207988439798338e-8,5.281568646761873e-8,0.004863029192681065,0.78,0.8671764705882353,0
Chloroflexi,TM7,0.5614172224581987,5.348058392542186e-22,1.8546477728265564e-21,0.17217591082947348,0.006566623847819626,0.011991226156888012,-0.04538185505751481,0.4,0.49090909090909096,0
Chloroflexi,WPS-2,0.2519030493578304,6.0253447821892206e-5,8.134215455955448e-5,0.00730454053858768,0.9088791790363334,0.9310469638908782,-0.3908503066681295,0,0,0
Chloroflexi,Lentisphaerae,0.2603077537513843,3.319020378404602e-5,4.5456148660758684e-5,0.07224950239059781,0.25699588769156695,0.32381481849137433,-0.39790588723474474,0,0,0
Chloroflexi,Parvarchaeota,0.3534241117211864,1.0442287842610948e-8,1.7465419488968753e-8,-0.00354977268985793,0.9556448246443925,0.9632899832415477,-0.19695359027818138,0,0,0
Chloroflexi,GN02,0.5360443733839246,7.531048110675482e-20,2.41248829308079e-19,0.24570328649359055,9.23359857204285e-5,2.102590518212167e-4,-0.14472406393678505,0.02,0.03150000000000003,0
Chloroflexi,Crenarchaeota,0.7627720984503337,1.7778888966162175e-48,1.6801050073023255e-47,0.5987269172822877,1.6333654708198517e-25,1.0290202466165066e-24,0.5870344006296686,0,0,0
Acidobacteria,Chloroflexi,0.675699962939089,1.98078760293726e-34,1.2478961898504738e-33,0.4848037707711783,5.045145501927429e-16,2.1920287353201936e-15,0.24669527485746764,0,0,0
AncK6,Chloroflexi,0.6252279171632117,2.649297128531562e-28,1.267638372892317e-27,0.2590179532218498,3.641906997105401e-5,8.768413024877971e-5,0.018522502832256597,0.8200000000000001,0.901046511627907,0
Chloroflexi,OD1,0.6473811736824692,7.5288152256195545e-31,4.1851355224767526e-30,0.16470162553521814,0.009366231144819142,0.016779314562756567,0.06777473286787933,0.30000000000000004,0.3818181818181819,0
Chloroflexi,Planctomycetes,0.7740056531178495,9.808205789523726e-51,1.0020275103891806e-49,0.7367337465997402,1.0790840567296716e-43,1.236041737708533e-42,0.40727154574150715,0,0,0
Chloroflexi,SAR406,0.7714334719113332,3.311761210158876e-50,3.294330888000145e-49,0.7468279290624167,1.7715001338443626e-45,2.0925845331036532e-44,0.4116763036511393,0,0,0
Chloroflexi,PAUC34f,0.8498640865225019,2.1969162870175448e-70,2.7681145216421065e-69,0.7640433180357148,1.0015692689462117e-48,1.2619772788722267e-47,0.4526402002268982,0,0,0
Chloroflexi,Chloroflexi,1,-0,-0,1,-0,-0,1,1,1,0
Gemmatimonadetes,SBR1093,0.04637307413927406,0.46723472666539545,0.485205293075603,-0.01810468743238962,0.7766435492992269,0.8200314570813066,-0.24312851937543464,0,0,0
Cyanobacteria,Gemmatimonadetes,-0.26695377913255186,2.0413181357441362e-5,2.8368318209973657e-5,-0.40679464376996044,2.659687130363372e-11,9.954076586904502e-11,-0.2928266971783213,0,0,0
Firmicutes,Gemmatimonadetes,0.18771050970292022,0.003001763547604832,0.0036135879649510393,-0.04967502668620657,0.43609051303589497,0.5072068120848255,-0.28846432720886195,0,0,0
Euryarchaeota,Gemmatimonadetes,0.517610670708434,2.1281822962419325e-18,6.284788343589457e-18,0.32391216293575,1.8231659828754273e-7,5.469497948626282e-7,0.06919998366970037,0.3799999999999999,0.46788273615635184,0
Actinobacteria,Gemmatimonadetes,0.35496418234767557,8.920250032155235e-9,1.505292192926196e-8,0.10005866581810458,0.11601745821678375,0.16123014413950093,-0.18426850279749266,0,0,0
Bacteroidetes,Gemmatimonadetes,-0.08563778817519475,0.17885698095696512,0.19316553943352233,-0.12359475203457332,0.051895600089423795,0.07815353320239918,-0.32071363931144414,0,0,0
Gemmatimonadetes,Proteobacteria,0.18245682869979685,0.0039383641050988755,0.004711081113061313,0.08016438613157655,0.20836360659615077,0.26789606562362245,-0.2725429601265449,0,0,0
Gemmatimonadetes,Verrucomicrobia,0.4419216968944079,2.799456665474567e-13,6.298777497317775e-13,0.26425265736416703,2.4910659708754313e-5,6.15439828098636e-5,-0.14808655317345254,0,0,0
Gemmatimonadetes,Unassigned.1,0.5182156651049975,1.913241227052076e-18,5.6945290065014554e-18,0.42078377056377686,4.618824623585591e-12,1.7635512199144984e-11,-0.19201830010134166,0,0,0
Chlamydiae,Gemmatimonadetes,0.3658239317017121,2.8670818338594246e-9,5.064284734574124e-9,0.08814080186063121,0.16644274803652867,0.219983771880447,-0.19713226980308263,0,0,0
Gemmatimonadetes,ZB3,0.35950964764619914,5.575692188386731e-9,9.580052941864475e-9,0.20710001230944938,0.0010359526128298584,0.002116703176484792,-0.17511387079870333,0,0,0
Gemmatimonadetes,TM7,0.57501729921846,3.152343279338552e-23,1.1682213329313457e-22,0.2044393605621428,0.0012057734023308178,0.0024504427208658554,0.16317907805955761,0,0,0
Gemmatimonadetes,WPS-2,0.3132587924241027,4.763636070916854e-7,7.202617739226284e-7,0.01346394228288718,0.8329116563023657,0.8625770029651897,-0.12581690870008605,0,0,0
Gemmatimonadetes,Lentisphaerae,0.36134777495789305,4.6010542900673195e-9,8.014739731085008e-9,0.20024636485987513,0.0015258728237714716,0.003051745647542943,-0.059398465229248035,0.14,0.19527675276752768,0
Gemmatimonadetes,Parvarchaeota,0.392982468302825,1.3855174633372004e-10,2.6450787936437463e-10,-0.10060012659993998,0.11404731774072442,0.1596662448370142,-0.06323366421800088,0.06,0.0872307692307693,0
Gemmatimonadetes,GN02,0.4576849745818357,3.0385881909050945e-14,7.223813434981923e-14,0.20073313805107681,0.0014850815853354367,0.002985961910940399,-0.08530762877951026,0,0,0
Crenarchaeota,Gemmatimonadetes,0.8558871671108415,2.114692132296893e-72,2.7563918138214673e-71,0.7041797155158972,1.8595851704915377e-38,1.757307986114503e-37,0.7277272044269659,0,0,0.040327052955820106
Acidobacteria,Gemmatimonadetes,0.74067557248266,2.2182432348598658e-44,1.8228172669065852e-43,0.5999345159329068,1.2346997272077824e-25,7.910449099737995e-25,0.5449327289885743,0,0,0
AncK6,Gemmatimonadetes,0.6857178889729553,8.566330934378318e-36,5.582884643439663e-35,0.31156984710408847,5.528286187899223e-7,1.6454269126188238e-6,0.2813369145881297,0,0,0
Gemmatimonadetes,OD1,0.6469675347598992,8.437427317309682e-31,4.622242791221826e-30,0.17357385127566144,0.006135198576915123,0.011312707619872764,0.20212759872965902,0,0,0
Gemmatimonadetes,Planctomycetes,0.7754864692465149,4.8324771748465686e-51,5.074101033588897e-50,0.6471492366287988,8.025693718356773e-31,5.948455344193844e-30,0.3805116857449529,0,0,0
Gemmatimonadetes,SAR406,0.6972430448397823,1.9674767182156975e-37,1.3047477183956731e-36,0.5094852522077571,8.71355425156632e-18,4.169270262141859e-17,0.1351037335424604,0.040000000000000036,0.060480000000000055,0
Gemmatimonadetes,PAUC34f,0.7952788547214353,2.1663965825664423e-55,2.408523259441515e-54,0.6934106655257447,7.0379747550493e-37,6.186870831182872e-36,0.4581517973726623,0,0,0
Chloroflexi,Gemmatimonadetes,0.869742938647855,2.0692316074321935e-77,2.7934626700334615e-76,0.7326074190502097,5.484693499646483e-43,5.758928174628807e-42,0.585977425814649,0,0,0
Gemmatimonadetes,Gemmatimonadetes,0.9999999999999998,0,0,0.9999999999999998,0,0,1,1,1,0
Nitrospirae,SBR1093,-0.14952230252649754,0.018470755897411307,0.021093491629067897,-0.028713701967182762,0.6527160808269219,0.7151497929060187,-0.04109820322314688,0.34,0.4284000000000001,0
Cyanobacteria,Nitrospirae,-0.30841664086038656,7.281566668739609e-7,1.0879178659223605e-6,-0.06868471146589177,0.28127646187851113,0.35286229987365864,0.07800290969478708,0.06000000000000005,0.0872307692307693,0
Firmicutes,Nitrospirae,0.06398973752682076,0.31554765170336246,0.3341092782741485,0.07346596625906161,0.24905139155352932,0.31591082552763117,-0.02388006176284587,0.7,0.7969879518072288,0
Euryarchaeota,Nitrospirae,0.24202428682585125,1.1834317168138765e-4,1.5696041717741941e-4,0.12530811622389254,0.04870547266750015,0.07423656721094782,-0.28104316153944775,0,0,0
Actinobacteria,Nitrospirae,0.15460299584364665,0.01480719181671439,0.016960965171872847,0.014228331038961869,0.8235765498297986,0.8552525709770986,-0.31209807024123015,0,0,0
Bacteroidetes,Nitrospirae,-0.003320587836411482,0.9585058829109628,0.9585058829109628,-6.589072599673736e-4,0.9917627378984271,0.9917627378984271,0.06457827586563307,0.040000000000000036,0.060480000000000055,0
Nitrospirae,Proteobacteria,0.13816175783323448,0.02961334418387818,0.033315012206862955,0.029244301412467963,0.6467289549303206,0.7106498400106429,-0.06161537560988761,0.84,0.9176878612716762,0
Nitrospirae,Verrucomicrobia,0.2895510951638953,3.543188118170393e-6,5.191182591738018e-6,0.056003236428397475,0.37984947803059954,0.4529435416263931,-0.21663162974698547,0.02,0.03150000000000003,0
Nitrospirae,Unassigned.1,0.374148433156137,1.1666338595436006e-9,2.1201326870551973e-9,0.09285989175549764,0.1448065154864413,0.19273543258406625,-0.07583023270933768,0.52,0.6161755485893416,0
Chlamydiae,Nitrospirae,0.224086678083823,3.7593431331767706e-4,4.7685627662443603e-4,0.09944841092326705,0.11826966580143594,0.16256703153797375,0.06272328241302283,0.15999999999999992,0.22072992700729926,0
Nitrospirae,ZB3,0.2482445151985019,7.761697097873529e-5,1.0367213791505986e-4,0.04756842535760526,0.45582083229159237,0.5253057152628716,-0.07141937780600113,0.02,0.03150000000000003,0
Nitrospirae,TM7,0.36453210453708884,3.2888855519328713e-9,5.7555497158825245e-9,0.08370208344868152,0.18891721473511547,0.2462438178271505,0.06995061821498347,0.06000000000000005,0.0872307692307693,0
Nitrospirae,WPS-2,0.23810701781202975,1.5348893439184186e-4,2.0145422638929243e-4,-0.08043976240284426,0.20680001316758584,0.2667931910489674,0.0730159681123275,0.10000000000000009,0.14210526315789487,0
Lentisphaerae,Nitrospirae,0.33537683783943784,6.218496171211998e-8,9.918107817376097e-8,0.11929137640026616,0.06068065093367178,0.09030427579892887,0.13957320373322102,0,0,0
Nitrospirae,Parvarchaeota,0.25148532987120276,6.203295924705766e-5,8.344647186970747e-5,0.01696646844070069,0.7903489555923164,0.8298664033719323,0.10738998995193802,0,0,0
GN02,Nitrospirae,0.3026755800566724,1.1926032715231982e-6,1.7678589671990938e-6,0.05679051572772312,0.37317672861995377,0.44639494752640035,0.07671154602929439,0.3600000000000001,0.44763157894736855,0
Crenarchaeota,Nitrospirae,0.5446049644612169,1.4865989841519825e-20,4.8442622069780125e-20,0.10756763623309812,0.09096548194937146,0.1312402754842077,0.05419774994392136,0.21999999999999997,0.2959430604982206,0
Acidobacteria,Nitrospirae,0.5474159020624327,8.637599375204601e-21,2.8640461086204733e-20,0.09088500389980318,0.15358492324101164,0.20370210871965752,0.11457025997163836,0,0,0
AncK6,Nitrospirae,0.49536129359372844,9.252587346622818e-17,2.5161712352686513e-16,0.17060675181224016,0.007083021654944426,0.012810441079277477,0.16121313061868192,0,0,0
Nitrospirae,OD1,0.4455478286128895,1.6967091702486414e-13,3.887006462751433e-13,0.1310544127467286,0.03917696543384547,0.06019875176420157,0.07181555687760038,0.28,0.3612286689419796,0
Nitrospirae,Planctomycetes,0.49984090409560294,4.4254180295697704e-17,1.2210277483046518e-16,0.028095248913062955,0.659722662659964,0.7186604221483182,-0.2159130152644837,0,0,0
Nitrospirae,SAR406,0.44214287876501224,2.715706483693017e-13,6.146928448119524e-13,0.06378632968524128,0.3170915827744806,0.38512334871241644,-0.3666771840932517,0,0,0
Nitrospirae,PAUC34f,0.4605984625620655,1.9903158562354922e-14,4.7919706602357705e-14,0.09528941505617151,0.1345376918394469,0.18097952852423818,-0.13961609126309932,0,0,0
Chloroflexi,Nitrospirae,0.4801935799185086,1.0390910860633404e-15,2.6719485070200186e-15,0.0929608463077792,0.14436825574283127,0.19273543258406625,-0.20989841958139382,0,0,0
Gemmatimonadetes,Nitrospirae,0.5152927451889252,3.1938615613778897e-18,9.215875345044599e-18,0.09992948303353982,0.11649140346618538,0.1612957894147182,0.008527151296384703,0.92,0.9964469914040116,0
Nitrospirae,Nitrospirae,1,-0,-0,1,-0,-0,1,1,1,0
SBR1093,Spirochaetes,-0.15843017184908595,0.012484200622376526,0.01446839137626034,-0.09801824551499426,0.1236813136244763,0.16817099478435987,-0.10173850130361572,0.04,0.060480000000000055,0
Cyanobacteria,Spirochaetes,-0.1991861834140801,0.001618287848860226,0.0019732671189327915,-0.1752597511823497,0.005648766962112622,0.010586131431883776,0.0350677134385735,0.30000000000000004,0.3818181818181819,0
Firmicutes,Spirochaetes,0.07018162534421529,0.27089846744192736,0.28844963575506627,0.037121540061040174,0.5606759367248273,0.6307604288154307,-0.038228285736448785,0.36,0.44763157894736855,0
Euryarchaeota,Spirochaetes,0.15830534713014868,0.01255458299315712,0.01446839137626034,0.07291410017862197,0.2526341222615121,0.3193836060697377,-0.3138077187281489,0,0,0
Actinobacteria,Spirochaetes,0.22089506133459672,4.575103695616488e-4,5.764630656476775e-4,0.08044892516909881,0.20674813266763212,0.2667931910489674,-0.203056332938466,0,0,0
Bacteroidetes,Spirochaetes,0.0477114495116561,0.45446567861209136,0.4745525594347253,-0.1409648767771999,0.02643249854418719,0.04291590453539887,0.03733175141959556,0.48,0.5741772151898734,0
Proteobacteria,Spirochaetes,0.20633666288310107,0.001082274043116551,0.0013369267591439747,-0.05052630571446527,0.42825845268803275,0.5011817186256234,-0.02717763490077554,0.68,0.778909090909091,0
Spirochaetes,Verrucomicrobia,0.25587713631751047,4.556523615250673e-5,6.195560886923578e-5,-0.027239585117819463,0.6694656647904935,0.7230229179737331,-0.2465717212795119,0,0,0
Spirochaetes,Unassigned.1,0.3854059736451643,3.318457242473016e-10,6.271884188274e-10,0.07487718922038718,0.24005075658402267,0.30551914474330155,-0.02849233455198423,0.72,0.8124179104477612,0
Chlamydiae,Spirochaetes,0.23152464586566857,2.3531971699592476e-4,3.025539218519033e-4,-0.04326368243041508,0.49764950080529335,0.5683127229740208,0.058752036220295616,0.3400000000000001,0.4284000000000001,0
Spirochaetes,ZB3,0.21128364187831322,8.128892933209818e-4,0.0010140995144400367,0.005821471223128324,0.9273223618321932,0.9446877653125199,-0.1023790342046133,0,0,0
Spirochaetes,TM7,0.37947806949813506,6.4720066868716e-10,1.1992247684497377e-9,0.10998034837187422,0.08390411586630238,0.12198367614408576,0.04318680128943657,0.24,0.31831578947368416,0
Spirochaetes,WPS-2,0.29210217107827074,2.8793828845596004e-6,4.2350456434378565e-6,0.09869152797042743,0.1211101996096973,0.1652695142688288,0.14393596071749887,0.020000000000000018,0.03150000000000003,0
Lentisphaerae,Spirochaetes,0.3556138255517281,8.344615771420708e-9,1.4144685029583083e-8,0.06020370966783603,0.345089994955024,0.4154268092133728,0.14275493865144065,0,0,0
Parvarchaeota,Spirochaetes,0.3434666113227946,2.8340420832429774e-8,4.6175340839045067e-8,0.10345525810124506,0.1040883647955206,0.14736105577792802,0.19059191828103497,0,0,0
GN02,Spirochaetes,0.374991905740654,1.0635170085059588e-9,1.9420745372717508e-9,0.12173125334201741,0.055560580020774124,0.08301145947767834,0.08332674855649247,0,0,0
Crenarchaeota,Spirochaetes,0.357480068950455,6.8836355821334954e-9,1.1737091864905695e-8,0.08044689775049384,0.20675961130565687,0.2667931910489674,-0.02104717712835488,0.64,0.7420858895705521,0
Acidobacteria,Spirochaetes,0.4707209905090577,4.433615975246034e-15,1.1025702885809218e-14,0.1330789373333837,0.036218468388397526,0.05680739025234135,0.09934898472154254,0.020000000000000018,0.03150000000000003,0
AncK6,Spirochaetes,0.44769639055672,1.2575673295292945e-13,2.898539332695569e-13,0.040327168590609974,0.5273073746670336,0.5949916048481753,0.132700969314979,0,0,0
OD1,Spirochaetes,0.4283664352318136,1.7278174647330085e-12,3.7320857238232985e-12,0.2947431423345681,2.3179665041147617e-6,6.349212598227391e-6,0.13281764276521685,0.020000000000000018,0.03150000000000003,0
Planctomycetes,Spirochaetes,0.5884537590579377,1.6843739377910476e-24,6.84616503747329e-24,0.21974672448595958,4.906752240579306e-4,0.0010304179705216544,-0.0038748442925414135,0.72,0.8124179104477612,0
SAR406,Spirochaetes,0.4370747189424599,5.416923125097214e-13,1.204468788992204e-12,0.1923243035396513,0.002351112189007981,0.0046047689504923155,-0.28593985737767247,0,0,0
PAUC34f,Spirochaetes,0.41442465165437176,1.0339827883720009e-11,2.1241602935033497e-11,0.1421608452841738,0.025167390334038836,0.041183002364790826,-0.1334186968308873,0,0,0
Chloroflexi,Spirochaetes,0.40408457285117927,3.699008034075676e-11,7.282422067086487e-11,0.17264673194355112,0.006418384640633111,0.011777424243491826,-0.201595370760854,0,0,0
Gemmatimonadetes,Spirochaetes,0.4022110857671559,4.6383686469127976e-11,8.991299223246346e-11,0.10120920783098342,0.11186252829147414,0.15718972377017557,-0.06198107667745979,0.1,0.14210526315789487,0
Nitrospirae,Spirochaetes,0.48200063464704934,7.838330553278435e-16,2.029375992561129e-15,0.09594944503723685,0.1318469745497026,0.1779934156420985,0.16921427396861233,0,0,0
Spirochaetes,Spirochaetes,0.9999999999999998,0,0,0.9999999999999998,0,0,1,1,1,0
