VarA,VarB,rho.spear,p.spear,fdr.spear,rho.clr,p.clr,fdr.clr,sparcc,p.sparcc,fdr.sparcc
SBR1093,SBR1093,0.9999999999999998,0,0,0.9999999999999998,0,0,1,1,1
Cyanobacteria,SBR1093,0.6395624220667073,6.29926648785167e-30,3.3536939893069455e-29,0.6395624220667073,6.29926648785167e-30,3.3536939893069455e-29,0.7146555129234582,0,0
Cyanobacteria,Cyanobacteria,0.9999999999999998,0,0,0.9999999999999998,0,0,1,1,1
Firmicutes,SBR1093,0.4967926860094374,7.318515360344421e-17,2.0046368160943415e-16,0.4967926860094374,7.318515360344421e-17,2.0046368160943415e-16,0.47198890583649117,0,0
Cyanobacteria,Firmicutes,0.6659822700812548,3.711123352355326e-33,2.158160964908174e-32,0.6659822700812548,3.711123352355326e-33,2.158160964908174e-32,0.8308551369329357,0,0
Firmicutes,Firmicutes,0.9999999999999998,0,0,0.9999999999999998,0,0,1,1,1
Euryarchaeota,SBR1093,0.4735883119908876,2.8712950611045307e-15,7.187745252301408e-15,0.4735883119908876,2.8712950611045307e-15,7.187745252301408e-15,0.3490083368067693,0,0
Cyanobacteria,Euryarchaeota,0.41280731905241536,1.26577715042315e-11,2.558629747914175e-11,0.41280731905241536,1.26577715042315e-11,2.558629747914175e-11,0.49521412139323534,0,0
Euryarchaeota,Firmicutes,0.5845900415306169,3.965608146489006e-24,1.577894609866152e-23,0.5845900415306169,3.965608146489006e-24,1.577894609866152e-23,0.22583126378395002,0,0
Euryarchaeota,Euryarchaeota,0.9999999999999998,0,0,0.9999999999999998,0,0,1,1,1
Actinobacteria,SBR1093,0.5789809138819546,1.3472123919983544e-23,5.196390654850795e-23,0.5789809138819546,1.3472123919983544e-23,5.196390654850795e-23,0.5717675181027351,0,0
Actinobacteria,Cyanobacteria,0.5002736896970628,4.1186903745160277e-17,1.1447536482110724e-16,0.5002736896970628,4.1186903745160277e-17,1.1447536482110724e-16,0.658970003913832,0,0
Actinobacteria,Firmicutes,0.7539529186489806,8.645970055469855e-47,7.600410885971174e-46,0.7539529186489806,8.645970055469855e-47,7.600410885971174e-46,0.473871581904728,0,0
Actinobacteria,Euryarchaeota,0.7680497434430336,1.6025852420146169e-49,1.5532749268757055e-48,0.7680497434430336,1.6025852420146169e-49,1.5532749268757055e-48,0.44454451575700016,0,0
Actinobacteria,Actinobacteria,0.9999999999999998,0,0,0.9999999999999998,0,0,1,1,1
Bacteroidetes,SBR1093,0.3222888533143633,2.1155798612367485e-7,3.2507690550711015e-7,0.3222888533143633,2.1155798612367485e-7,3.2507690550711015e-7,0.37837282968405583,0,0
Bacteroidetes,Cyanobacteria,0.6667003656408856,2.999851740876618e-33,1.7717874344552524e-32,0.6667003656408856,2.999851740876618e-33,1.7717874344552524e-32,0.8542804725930122,0,0
Bacteroidetes,Firmicutes,0.6114583177189385,8.045487682707894e-27,3.536272493097191e-26,0.6114583177189385,8.045487682707894e-27,3.536272493097191e-26,0.6523897713370737,0,0
Bacteroidetes,Euryarchaeota,0.48674937952920055,3.7070472064873503e-16,9.730998917029294e-16,0.48674937952920055,3.7070472064873503e-16,9.730998917029294e-16,0.2256026046807369,0,0
Actinobacteria,Bacteroidetes,0.57580841625831225,2.662827217897178e-23,1.0045816974958264e-22,0.57580841625831225,2.662827217897178e-23,1.0045816974958264e-22,0.399207095782949,0,0
Bacteroidetes,Bacteroidetes,1,-0,-0,1,-0,-0,1,1,1
Proteobacteria,SBR1093,0.3833799334331451,4.1758233734728027e-10,7.814164530558017e-10,0.3833799334331451,4.1758233734728027e-10,7.814164530558017e-10,0.3362825584630096,0,0
Cyanobacteria,Proteobacteria,0.5773215788269535,1.9257830250626794e-23,7.352989732057503e-23,0.5773215788269535,1.9257830250626794e-23,7.352989732057503e-23,0.8109761914827454,0,0
Firmicutes,Proteobacteria,0.7161242787160638,2.7143385295242553e-40,2.011803851294448e-39,0.7161242787160638,2.7143385295242553e-40,2.011803851294448e-39,0.5974829049787951,0,0
Euryarchaeota,Proteobacteria,0.6019199552956408,7.773963283188392e-26,3.265064578939125e-25,0.6019199552956408,7.773963283188392e-26,3.265064578939125e-25,0.20596639855458124,0.020000000000000018,0.03123966942148763
Actinobacteria,Proteobacteria,0.7357883732765815,1.570352744766297e-43,1.2629645479184259e-42,0.7357883732765815,1.570352744766297e-43,1.2629645479184259e-42,0.50095215186694,0,0
Bacteroidetes,Proteobacteria,0.8341390256953474,1.6395906107488313e-65,1.9992427447195425e-64,0.8341390256953474,1.6395906107488313e-65,1.9992427447195425e-64,0.8894937544120909,0,0
Proteobacteria,Proteobacteria,0.9999999999999998,0,0,0.9999999999999998,0,0,1,1,1
SBR1093,Verrucomicrobia,0.3234695403974504,1.89879864380449e-7,2.929575050441213e-7,0.3234695403974504,1.89879864380449e-7,2.929575050441213e-7,0.35287862574881,0,0
Cyanobacteria,Verrucomicrobia,0.28929293342782464,3.6179530738972457e-6,5.280255837579764e-6,0.28929293342782464,3.6179530738972457e-6,5.280255837579764e-6,0.6620656239209042,0,0
Firmicutes,Verrucomicrobia,0.6353887511318157,1.9095181791392694e-29,9.887642078282793e-29,0.6353887511318157,1.9095181791392694e-29,9.887642078282793e-29,0.42174615230206147,0,0
Euryarchaeota,Verrucomicrobia,0.5854719078034598,3.2648954981809083e-24,1.3129047854387056e-23,0.5854719078034598,3.2648954981809083e-24,1.3129047854387056e-23,0.15230554491916487,0.30000000000000004,0.38310810810810814
Actinobacteria,Verrucomicrobia,0.6981293433609724,1.4609901657861802e-37,9.861683619056716e-37,0.6981293433609724,1.4609901657861802e-37,9.861683619056716e-37,0.5181296511323099,0,0
Bacteroidetes,Verrucomicrobia,0.5977767633161534,2.033939161397386e-25,8.448670362727603e-25,0.5977767633161534,2.033939161397386e-25,8.448670362727603e-25,0.5501354998509702,0,0
Proteobacteria,Verrucomicrobia,0.7327617863510543,5.163851704643423e-43,3.9835427435820695e-42,0.7327617863510543,5.163851704643423e-43,3.9835427435820695e-42,0.5057954024706605,0,0
Verrucomicrobia,Verrucomicrobia,1,-0,-0,1,-0,-0,1,1,1
SBR1093,Unassigned.1,0.26732703434783495,1.9855819944233694e-5,2.7695571730333342e-5,0.26732703434783495,1.9855819944233694e-5,2.7695571730333342e-5,0.2827646230364683,0,0
Cyanobacteria,Unassigned.1,0.3574666311588954,6.893212682563662e-9,1.1737091864905695e-8,0.3574666311588954,6.893212682563662e-9,1.1737091864905695e-8,0.8303773578221576,0,0
Firmicutes,Unassigned.1,0.6147699338706872,3.594795616517139e-27,1.5986267565217396e-26,0.6147699338706872,3.594795616517139e-27,1.5986267565217396e-26,0.5033991292975595,0,0
Euryarchaeota,Unassigned.1,0.7187218551582915,1.0516272403007274e-40,7.950301936673499e-40,0.7187218551582915,1.0516272403007274e-40,7.950301936673499e-40,0.21722599681826,0.020000000000000018,0.03123966942148763
Actinobacteria,Unassigned.1,0.6846152862732452,1.2178977397903924e-35,7.802802468487598e-35,0.6846152862732452,1.2178977397903924e-35,7.802802468487598e-35,0.31629919384457883,0.020000000000000018,0.03123966942148763
Bacteroidetes,Unassigned.1,0.6292625839852152,9.43279231641276e-29,4.630643500784446e-28,0.6292625839852152,9.43279231641276e-29,4.630643500784446e-28,0.8606699378096963,0,0
Proteobacteria,Unassigned.1,0.8303299369581789,2.0823393488438083e-64,2.4597633558217485e-63,0.8303299369581789,2.0823393488438083e-64,2.4597633558217485e-63,0.9358744284418441,0,0
Unassigned.1,Verrucomicrobia,0.70183920305194325,4.153389568180705e-38,2.9622287863628426e-37,0.70183920305194325,4.153389568180705e-38,2.9622287863628426e-37,0.30414356317243013,0,0
Unassigned.1,Unassigned.1,0.9999999999999998,0,0,0.9999999999999998,0,0,1,1,1
Chlamydiae,SBR1093,0.15567146709200194,0.01412333569548366,0.016226811224598247,0.15567146709200194,0.01412333569548366,0.016226811224598247,0.13713073483812321,0.020000000000000018,0.03123966942148763
Chlamydiae,Cyanobacteria,0.10712434412977764,0.09231311158951185,0.10180924560019707,0.10712434412977764,0.09231311158951185,0.10180924560019707,0.35669821651112693,0,0
Chlamydiae,Firmicutes,0.35130892711133144,1.294699622834043e-8,2.1464756904880185e-8,0.35130892711133144,1.294699622834043e-8,2.1464756904880185e-8,0.18165700332549387,0,0
Chlamydiae,Euryarchaeota,0.34837544967734574,1.7399283333618425e-8,2.8595343913512023e-8,0.34837544967734574,1.7399283333618425e-8,2.8595343913512023e-8,-0.26500139939916884,0,0
Actinobacteria,Chlamydiae,0.4313330309432461,1.1681694561627696e-12,2.5524164995926408e-12,0.4313330309432461,1.1681694561627696e-12,2.5524164995926408e-12,-0.11320843495583738,0.52,0.6181132075471698
Bacteroidetes,Chlamydiae,0.21094081595574007,8.293480990065591e-4,0.0010312288862647347,0.21094081595574007,8.293480990065591e-4,0.0010312288862647347,0.21815117483766983,0,0
Chlamydiae,Proteobacteria,0.37752589380965385,8.040965098374395e-10,1.4826755157002544e-9,0.37752589380965385,8.040965098374395e-10,1.4826755157002544e-9,0.12221173342181335,0,0
Chlamydiae,Verrucomicrobia,0.4502905662845568,8.734829650670214e-14,2.050786091896485e-13,0.4502905662845568,8.734829650670214e-14,2.050786091896485e-13,-0.08404622419017829,0.64,0.7375609756097561
Chlamydiae,Unassigned.1,0.4685344406387434,6.158286783908998e-15,1.521459087789282e-14,0.4685344406387434,6.158286783908998e-15,1.521459087789282e-14,0.03950102445795317,0.3999999999999999,0.4861736334405145
Chlamydiae,Chlamydiae,1,-0,-0,1,-0,-0,1,1,1
SBR1093,ZB3,0.4254695481316867,2.5229134803550564e-12,5.387916924148087e-12,0.4254695481316867,2.5229134803550564e-12,5.387916924148087e-12,0.3672275910244359,0,0
Cyanobacteria,ZB3,0.2577001604613256,4.002267448886457e-5,5.461577962740364e-5,0.2577001604613256,4.002267448886457e-5,5.461577962740364e-5,0.44848698586551583,0,0
Firmicutes,ZB3,0.4897590182747443,2.2924616555002467e-16,6.102468350556995e-16,0.4897590182747443,2.2924616555002467e-16,6.102468350556995e-16,0.2347104375738498,0,0
Euryarchaeota,ZB3,0.5210924846079307,1.149827353663782e-18,3.477077917479277e-18,0.5210924846079307,1.149827353663782e-18,3.477077917479277e-18,-0.07222224313094755,0.48,0.576
Actinobacteria,ZB3,0.6189642505704233,1.2780761157317763e-27,5.7513425207929935e-27,0.6189642505704233,1.2780761157317763e-27,5.7513425207929935e-27,0.27604678186500103,0,0
Bacteroidetes,ZB3,0.3795683678494356,6.407127898690469e-10,1.1930514018251219e-9,0.3795683678494356,6.407127898690469e-10,1.1930514018251219e-9,0.2505094262501967,0,0
Proteobacteria,ZB3,0.5081517153953153,1.0942478528211246e-17,3.1099675817021433e-17,0.5081517153953153,1.0942478528211246e-17,3.1099675817021433e-17,0.17790826277986715,0,0
Verrucomicrobia,ZB3,0.5609090859840691,5.929891077074387e-22,2.0377262064855622e-21,0.5609090859840691,5.929891077074387e-22,2.0377262064855622e-21,0.17150883686424673,0,0
Unassigned.1,ZB3,0.5245781600284701,6.164091182498644e-19,1.894330460962998e-18,0.5245781600284701,6.164091182498644e-19,1.894330460962998e-18,0.045183356944478975,0.17999999999999994,0.24387096774193545
Chlamydiae,ZB3,0.5269945704052241,3.98408365121169e-19,1.2344128034082122e-18,0.5269945704052241,3.98408365121169e-19,1.2344128034082122e-18,0.1765558836393742,0,0
ZB3,ZB3,0.9999999999999998,0,0,0.9999999999999998,0,0,1,1,1
SBR1093,TM7,0.07583438448030837,0.234077077032788,0.2506547737064982,0.07583438448030837,0.234077077032788,0.2506547737064982,-0.07604138397466816,0.06,0.0872307692307693
Cyanobacteria,TM7,-0.09127918519178112,0.15180140448051785,0.16536291323814337,-0.09127918519178112,0.15180140448051785,0.16536291323814337,0.012654731432245579,0.6799999999999999,0.7812765957446809
Firmicutes,TM7,0.22443882138889204,3.678137733743661e-4,4.681266206582841e-4,0.22443882138889204,3.678137733743661e-4,4.681266206582841e-4,-0.11257635917319947,0,0
Euryarchaeota,TM7,0.42481377438967816,2.7472727540296966e-12,5.8340960731641874e-12,0.42481377438967816,2.7472727540296966e-12,5.8340960731641874e-12,-0.15421993812720441,0,0
Actinobacteria,TM7,0.36633049610298973,2.716398565570072e-9,4.82065097551872e-9,0.36633049610298973,2.716398565570072e-9,4.82065097551872e-9,-0.21249133784757643,0,0
Bacteroidetes,TM7,0.1436030119475496,0.02371144272454339,0.026915691741373576,0.1436030119475496,0.02371144272454339,0.026915691741373576,-0.012612205056678455,0.8600000000000001,0.9505263157894739
Proteobacteria,TM7,0.2827019573680723,6.123273388651008e-6,8.767414170113943e-6,0.2827019573680723,6.123273388651008e-6,8.767414170113943e-6,-0.11578281412963601,0.02,0.03123966942148763
TM7,Verrucomicrobia,0.4018072848216084,4.869313445791481e-11,9.390818788312141e-11,0.4018072848216084,4.869313445791481e-11,9.390818788312141e-11,-0.19998803452822622,0,0
TM7,Unassigned.1,0.47454340379516813,2.4821985548474783e-15,6.2551403582156456e-15,0.47454340379516813,2.4821985548474783e-15,6.2551403582156456e-15,-0.14212525946996676,0,0
Chlamydiae,TM7,0.33192996387671225,8.632768270661233e-8,1.3653499607991407e-7,0.33192996387671225,8.632768270661233e-8,1.3653499607991407e-7,-0.046606057332790087,0.32,0.40454849498327766
TM7,ZB3,0.328675706955294,1.1723454461526863e-7,1.8387824840071178e-7,0.328675706955294,1.1723454461526863e-7,1.8387824840071178e-7,-0.08796519300797127,0,0
TM7,TM7,1,-0,-0,1,-0,-0,1,1,1
SBR1093,WPS-2,0.10902093225188214,0.08665735429929884,0.09606005843148081,0.10902093225188214,0.08665735429929884,0.09606005843148081,0.0944671909565075,0.21999999999999997,0.28875
Cyanobacteria,WPS-2,0.20518893696868387,0.0011555126723365261,0.0014227485020951365,0.20518893696868387,0.0011555126723365261,0.0014227485020951365,0.3664776778836322,0,0
Firmicutes,WPS-2,0.37631318212099424,9.195078260221881e-10,1.6872522244484813e-9,0.37631318212099424,9.195078260221881e-10,1.6872522244484813e-9,0.19074861131334875,0,0
Euryarchaeota,WPS-2,0.41259112547667776,1.3003611773257044e-11,2.6064482245402507e-11,0.41259112547667776,1.3003611773257044e-11,2.6064482245402507e-11,-0.1810111220284213,0,0
Actinobacteria,WPS-2,0.46459780441456416,1.1061826788919049e-14,2.6803657219303847e-14,0.46459780441456416,1.1061826788919049e-14,2.6803657219303847e-14,-0.05743740125371241,0.36,0.4505960264900663
Bacteroidetes,WPS-2,0.3728651450896752,1.3423328792814434e-9,2.4277599443463424e-9,0.3728651450896752,1.3423328792814434e-9,2.4277599443463424e-9,0.27254390798483585,0,0
Proteobacteria,WPS-2,0.43099877523521185,1.2210750236591786e-12,2.6526802238113193e-12,0.43099877523521185,1.2210750236591786e-12,2.6526802238113193e-12,0.13230361403360444,0.06000000000000005,0.0872307692307693
Verrucomicrobia,WPS-2,0.3853249703822856,3.349189210357018e-10,6.298475231417676e-10,0.3853249703822856,3.349189210357018e-10,6.298475231417676e-10,-0.10970907592369772,0.18,0.24387096774193545
Unassigned.1,WPS-2,0.48506345344989604,4.842373488638078e-16,1.262356674969099e-15,0.48506345344989604,4.842373488638078e-16,1.262356674969099e-15,0.06982231612656384,0.24,0.31282758620689655
Chlamydiae,WPS-2,0.3331478775746483,7.691506257988204e-8,1.2215921703863616e-7,0.3331478775746483,7.691506257988204e-8,1.2215921703863616e-7,0.1524783494607958,0,0
WPS-2,ZB3,0.3543987618589756,9.452326584441736e-9,1.5879908661862116e-8,0.3543987618589756,9.452326584441736e-9,1.5879908661862116e-8,-0.001100125860279455,0.72,0.8222356495468278
TM7,WPS-2,0.4034455456307552,3.996469609483987e-11,7.8272824475904e-11,0.4034455456307552,3.996469609483987e-11,7.8272824475904e-11,0.17399079260411382,0,0
WPS-2,WPS-2,1,-0,-0,1,-0,-0,1,1,1
Lentisphaerae,SBR1093,-0.1887853378694066,0.0028370745306277134,0.0034262433628666953,-0.1887853378694066,0.0028370745306277134,0.0034262433628666953,-0.19797714724961266,0,0
Cyanobacteria,Lentisphaerae,0.07019531695314596,0.27080476422055466,0.28844963575506627,0.07019531695314596,0.27080476422055466,0.28844963575506627,0.26242974992544754,0,0
Firmicutes,Lentisphaerae,0.18196222280933008,0.004038892082434874,0.004816092136152625,0.18196222280933008,0.004038892082434874,0.004816092136152625,0.07426958908071714,0.21999999999999997,0.28875
Euryarchaeota,Lentisphaerae,0.42667810939050826,2.155283718202329e-12,4.6289616220481844e-12,0.42667810939050826,2.155283718202329e-12,4.6289616220481844e-12,-0.09818256427990343,0.38,0.46788273615635184
Actinobacteria,Lentisphaerae,0.17374537739666032,0.006084049666017722,0.007186783667983434,0.17374537739666032,0.006084049666017722,0.007186783667983434,-0.46573209245246605,0,0
Bacteroidetes,Lentisphaerae,0.4230925324055582,3.4327059983770465e-12,7.24895456640516e-12,0.4230925324055582,3.4327059983770465e-12,7.24895456640516e-12,0.4053882246497222,0,0
Lentisphaerae,Proteobacteria,0.3718054577877096,1.5065017900397982e-9,2.711703222071637e-9,0.3718054577877096,1.5065017900397982e-9,2.711703222071637e-9,0.20510262713348967,0,0
Lentisphaerae,Verrucomicrobia,0.32609197031575643,1.49100474159646e-7,2.3193407091500489e-7,0.32609197031575643,1.49100474159646e-7,2.3193407091500489e-7,-0.23668809739940205,0.02,0.03123966942148763
Lentisphaerae,Unassigned.1,0.5795728805548738,1.1853998474953064e-23,4.6193932201363485e-23,0.5795728805548738,1.1853998474953064e-23,4.6193932201363485e-23,0.3134246506254902,0,0
Chlamydiae,Lentisphaerae,0.14680893481681187,0.02073282535327346,0.023605445733546285,0.14680893481681187,0.02073282535327346,0.023605445733546285,0.020446927585045335,0.8,0.8946745562130177
Lentisphaerae,ZB3,0.08535077192127871,0.18032312564077363,0.19419413530544852,0.08535077192127871,0.18032312564077363,0.19419413530544852,-0.267604611577007,0,0
Lentisphaerae,TM7,0.26358028931866795,2.6167724681805848e-5,3.623223417480809e-5,0.26358028931866795,2.6167724681805848e-5,3.623223417480809e-5,-0.012599875835226843,1,1
Lentisphaerae,WPS-2,0.2874686038810692,4.190773226909246e-6,6.092739537583441e-6,0.2874686038810692,4.190773226909246e-6,6.092739537583441e-6,0.09503162947047676,0.06000000000000005,0.0872307692307693
Lentisphaerae,Lentisphaerae,0.9999999999999998,0,0,0.9999999999999998,0,0,1,1,1
Parvarchaeota,SBR1093,-0.3039764920236808,1.0674358796470959e-6,1.5885463090811111e-06,-0.3039764920236808,1.0674358796470959e-6,1.5885463090811111e-06,-0.05500114971168871,0.2,0.26903914590747335
Cyanobacteria,Parvarchaeota,-0.4487899697968232,1.0788796731971987e-13,2.5019418188254054e-13,-0.4487899697968232,1.0788796731971987e-13,2.5019418188254054e-13,-0.031828399996347456,0.64,0.7375609756097561
Firmicutes,Parvarchaeota,-0.1662879759917065,0.008696289350489586,0.010177081654752519,-0.1662879759917065,0.008696289350489586,0.010177081654752519,-0.16149242716828593,0,0
Euryarchaeota,Parvarchaeota,-0.0686706082160358,0.28137549697908054,0.29876387038790014,-0.0686706082160358,0.28137549697908054,0.29876387038790014,-0.378910928692004,0,0
Actinobacteria,Parvarchaeota,-0.013975781507680474,0.8266581387492308,0.8332714038592246,-0.013975781507680474,0.8266581387492308,0.8332714038592246,-0.27329827354568764,0,0
Bacteroidetes,Parvarchaeota,-0.2847536716009551,5.2055375014019704e-6,7.481723100874315e-6,-0.2847536716009551,5.2055375014019704e-6,7.481723100874315e-6,-0.10445608378648158,0.04,0.060480000000000055
Parvarchaeota,Proteobacteria,-0.08934152212316486,0.16072118981386463,0.1745764647978185,-0.08934152212316486,0.16072118981386463,0.1745764647978185,-0.08342149872840997,0.18,0.24387096774193545
Parvarchaeota,Verrucomicrobia,0.050665625889188555,0.42698445091177817,0.44709175192424416,0.050665625889188555,0.42698445091177817,0.44709175192424416,-0.31907578709667445,0,0
Parvarchaeota,Unassigned.1,0.15834875919057148,0.012530065617701435,0.01446839137626034,0.15834875919057148,0.012530065617701435,0.01446839137626034,-0.052955874184767784,0.4,0.4861736334405145
Chlamydiae,Parvarchaeota,0.10710167149735104,0.09238246360017882,0.10180924560019707,0.10710167149735104,0.09238246360017882,0.10180924560019707,0.0848818163673152,0.21999999999999997,0.28875
Parvarchaeota,ZB3,-0.03866009878676806,0.5445342439430025,0.563928614275219,-0.03866009878676806,0.5445342439430025,0.563928614275219,-0.21295927817454918,0,0
Parvarchaeota,TM7,0.23633743824095152,1.723781409444083e-4,2.239453271796248e-4,0.23633743824095152,1.723781409444083e-4,2.239453271796248e-4,-0.028791555343541407,0.38,0.46788273615635184
Parvarchaeota,WPS-2,0.03022476925211771,0.6357254711663539,0.6530006198393526,0.03022476925211771,0.6357254711663539,0.6530006198393526,-8.923049963527724e-4,0.82,0.9116470588235294
Lentisphaerae,Parvarchaeota,0.14303607778212465,0.02427489371380089,0.02747278390364292,0.14303607778212465,0.02427489371380089,0.02747278390364292,0.07196523321264386,0.1399999999999999,0.196
Parvarchaeota,Parvarchaeota,1,-0,-0,1,-0,-0,1,1,1
GN02,SBR1093,0.004190912441930354,0.9476442077453364,0.9501578528587192,0.004190912441930354,0.9476442077453364,0.9501578528587192,-0.04085390373725123,0.52,0.6181132075471698
Cyanobacteria,GN02,-0.13134348757353245,0.03874243913878614,0.04319953390696507,-0.13134348757353245,0.03874243913878614,0.04319953390696507,0.05059318639604326,0.30000000000000004,0.38310810810810814
Firmicutes,GN02,0.20324920993029552,0.0012897129567245537,0.0015828295377983159,0.20324920993029552,0.0012897129567245537,0.0015828295377983159,-0.06281094407055077,0.16,0.22153846153846155
Euryarchaeota,GN02,0.27713771481309835,9.450111421249044e-6,1.342910570388022e-5,0.27713771481309835,9.450111421249044e-6,1.342910570388022e-5,-0.2975114493962707,0,0
Actinobacteria,GN02,0.33562177634843277,6.074283631909215e-8,9.729149207041031e-8,0.33562177634843277,6.074283631909215e-8,9.729149207041031e-8,-0.23328648995145568,0,0
Bacteroidetes,GN02,0.046560178335345356,0.46543781831535647,0.48467078601433816,0.046560178335345356,0.46543781831535647,0.48467078601433816,-0.01562832009181201,0.96,1
GN02,Proteobacteria,0.2819489351720518,6.497191890706253e-6,9.267692583724391e-6,0.2819489351720518,6.497191890706253e-6,9.267692583724391e-6,-0.005396227956223381,0.94,1
GN02,Verrucomicrobia,0.3385957972737066,4.560963172684746e-8,7.399330812338344e-8,0.3385957972737066,4.560963172684746e-8,7.399330812338344e-8,-0.26330972698819743,0,0
GN02,Unassigned.1,0.4430456972046123,2.398507317505688e-13,5.461661241067169e-13,0.4430456972046123,2.398507317505688e-13,5.461661241067169e-13,-0.05832349044948183,0.38,0.46788273615635184
Chlamydiae,GN02,0.4128515480223217,1.2588130830341354e-11,2.558233039714533e-11,0.4128515480223217,1.2588130830341354e-11,2.558233039714533e-11,0.11541839621386556,0.06000000000000005,0.0872307692307693
GN02,ZB3,0.3179550578002292,3.133679716863098e-7,4.776334407154238e-7,0.3179550578002292,3.133679716863098e-7,4.776334407154238e-7,-0.10334056255753662,0.04,0.060480000000000055
GN02,TM7,0.43722090830888377,5.310954889906247e-13,1.187894052298557e-12,0.43722090830888377,5.310954889906247e-13,1.187894052298557e-12,0.025825238599135047,0.76,0.8575522388059702
GN02,WPS-2,0.21675986747617335,5.876559846075799e-4,7.355429211313417e-4,0.21675986747617335,5.876559846075799e-4,7.355429211313417e-4,0.01462568675715711,0.74,0.84
GN02,Lentisphaerae,0.1766718233640857,0.005268265955845422,0.006262278400344558,0.1766718233640857,0.005268265955845422,0.006262278400344558,0.008680524901443394,0.98,1
GN02,Parvarchaeota,0.5168038976328597,2.4520346364465427e-18,7.129762250590716e-18,0.5168038976328597,2.4520346364465427e-18,7.129762250590716e-18,0.30039209417952917,0,0
GN02,GN02,1,-0,-0,1,-0,-0,1,1,1
Crenarchaeota,SBR1093,-0.08876806360838294,0.16343507772480875,0.17701564292257224,-0.08876806360838294,0.16343507772480875,0.17701564292257224,-0.2810959185599663,0,0
Crenarchaeota,Cyanobacteria,-0.405283924846096,3.1977657322333615e-11,6.328562548608432e-11,-0.405283924846096,3.1977657322333615e-11,6.328562548608432e-11,-0.39514779794266747,0,0
Crenarchaeota,Firmicutes,-0.0141817535254662,0.8241446830767958,0.8329590647139808,-0.0141817535254662,0.8241446830767958,0.8329590647139808,-0.39145164188545584,0,0
Crenarchaeota,Euryarchaeota,0.4125734801755107,1.3032241122701253e-11,2.6064482245402507e-11,0.4125734801755107,1.3032241122701253e-11,2.6064482245402507e-11,0.15087295689313626,0,0
Actinobacteria,Crenarchaeota,0.16499227089764043,0.009240166187591534,0.010780193885523457,0.16499227089764043,0.009240166187591534,0.010780193885523457,-0.21850063379721846,0,0
Bacteroidetes,Crenarchaeota,-0.1676980232730989,0.008136898141407157,0.009552010861651881,-0.1676980232730989,0.008136898141407157,0.009552010861651881,-0.35581117675104196,0,0
Crenarchaeota,Proteobacteria,0.021622826435824884,0.7347333355409598,0.7465838732109752,0.021622826435824884,0.7347333355409598,0.7465838732109752,-0.2944665285988371,0,0
Crenarchaeota,Verrucomicrobia,0.2694479628416806,1.6952415866440774e-5,2.3821610399682576e-5,0.2694479628416806,1.6952415866440774e-5,2.3821610399682576e-5,-0.22160254798995094,0,0
Crenarchaeota,Unassigned.1,0.40741134466997864,2.466328663356968e-11,4.90669597236281e-11,0.40741134466997864,2.466328663356968e-11,4.90669597236281e-11,-0.12993490774872254,0,0
Chlamydiae,Crenarchaeota,0.2292738926225334,2.7159395541558404e-4,3.4800852592234156e-4,0.2292738926225334,2.7159395541558404e-4,3.4800852592234156e-4,-0.21684325086191247,0,0
Crenarchaeota,ZB3,0.28692435678026773,4.377747913195997e-6,6.340186632904547e-6,0.28692435678026773,4.377747913195997e-6,6.340186632904547e-6,-0.09699938948041112,0.14,0.196
Crenarchaeota,TM7,0.47905947863415416,1.2391460003402303e-15,3.1648458657338312e-15,0.47905947863415416,1.2391460003402303e-15,3.1648458657338312e-15,0.11707441108620245,0,0
Crenarchaeota,WPS-2,0.16303328109752463,0.010119793629632442,0.011770098436926349,0.16303328109752463,0.010119793629632442,0.011770098436926349,-0.20708276666253844,0,0
Crenarchaeota,Lentisphaerae,0.41730700326572007,7.191022765481282e-12,1.4935201128307278e-11,0.41730700326572007,7.191022765481282e-12,1.4935201128307278e-11,0.06007467286326296,0.08000000000000007,0.11541984732824438
Crenarchaeota,Parvarchaeota,0.4153087359248071,9.253284079845673e-12,1.9113340886238602e-11,0.4153087359248071,9.253284079845673e-12,1.9113340886238602e-11,0.03150060109390879,0.6399999999999999,0.7375609756097561
Crenarchaeota,GN02,0.3298934885746673,1.0459279390929234e-7,1.6473365040713544e-7,0.3298934885746673,1.0459279390929234e-7,1.6473365040713544e-7,-0.10247702466297087,0.06,0.0872307692307693
Crenarchaeota,Crenarchaeota,0.9999999999999998,0,0,0.9999999999999998,0,0,1,1,1
Acidobacteria,SBR1093,-0.19315628898322396,0.0022484698068585356,0.002724107650617072,-0.19315628898322396,0.0022484698068585356,0.002724107650617072,-0.5552754805150578,0,0
Acidobacteria,Cyanobacteria,-0.32681193921800306,1.3946919241415064e-7,2.1784857327499562e-7,-0.32681193921800306,1.3946919241415064e-7,2.1784857327499562e-7,-0.4912126759333272,0,0
Acidobacteria,Firmicutes,0.10616232998375061,0.09529249728511176,0.10471094178422163,0.10616232998375061,0.09529249728511176,0.10471094178422163,-0.3834785388781272,0,0
Acidobacteria,Euryarchaeota,0.31670257008908276,3.50645225773696e-7,5.323048005721169e-7,0.31670257008908276,3.50645225773696e-7,5.323048005721169e-7,-0.28536979135102947,0,0
Acidobacteria,Actinobacteria,0.16853367831463298,0.007820698070400102,0.009209420157667408,0.16853367831463298,0.007820698070400102,0.009209420157667408,-0.53058716926791,0,0
Acidobacteria,Bacteroidetes,-0.021701051194573173,0.7338098236806372,0.7465838732109752,-0.021701051194573173,0.7338098236806372,0.7465838732109752,-0.3439967880628537,0,0
Acidobacteria,Proteobacteria,0.2101863365372234,8.666577891222135e-4,0.0010740873583219564,0.2101863365372234,8.666577891222135e-4,0.0010740873583219564,-0.27467310675207945,0,0
Acidobacteria,Verrucomicrobia,0.3457877604581941,2.2525549057006513e-8,3.685998936601066e-8,0.3457877604581941,2.2525549057006513e-8,3.685998936601066e-8,-0.35072423071016823,0,0
Acidobacteria,Unassigned.1,0.5452392971034555,1.3157545206598468e-20,4.324827902690627e-20,0.5452392971034555,1.3157545206598468e-20,4.324827902690627e-20,-0.1640408859233427,0,0
Acidobacteria,Chlamydiae,0.2976289691439631,1.8243273658224712e-6,2.693733376097243e-6,0.2976289691439631,1.8243273658224712e-6,2.693733376097243e-6,-0.17583191614505012,0,0
Acidobacteria,ZB3,0.1764119759959497,0.005336508149546079,0.006323511224227015,0.1764119759959497,0.005336508149546079,0.006323511224227015,-0.3620558706927419,0,0
Acidobacteria,TM7,0.4782738220501451,1.399365577286788e-15,3.550068377277892e-15,0.4782738220501451,1.399365577286788e-15,3.550068377277892e-15,0.12583687532856563,0,0
Acidobacteria,WPS-2,0.22843249133774096,2.8644416029657366e-4,3.657969344327866e-4,0.22843249133774096,2.8644416029657366e-4,3.657969344327866e-4,-0.14332285347810875,0,0
Acidobacteria,Lentisphaerae,0.4679851825085145,6.685698057716627e-15,1.6410349778031722e-14,0.4679851825085145,6.685698057716627e-15,1.6410349778031722e-14,0.13802707442799633,0,0
Acidobacteria,Parvarchaeota,0.5242190169813219,6.575230605923918e-19,2.004384813741323e-18,0.5242190169813219,6.575230605923918e-19,2.004384813741323e-18,0.18445317169212816,0,0
Acidobacteria,GN02,0.5070791242636107,1.313306319497982e-17,3.6772576945943496e-17,0.5070791242636107,1.313306319497982e-17,3.6772576945943496e-17,0.09525083249283953,0.020000000000000018,0.03123966942148763
Acidobacteria,Crenarchaeota,0.7512058269903704,2.8038217695010625e-46,2.4087377928895492e-45,0.7512058269903704,2.8038217695010625e-46,2.4087377928895492e-45,0.6062667748625677,0,0
Acidobacteria,Acidobacteria,1,-0,-0,1,-0,-0,1,1,1
AncK6,SBR1093,-0.3533494512805586,1.0522118892528716e-8,1.7521413838660153e-8,-0.3533494512805586,1.0522118892528716e-8,1.7521413838660153e-8,-0.3607808141461535,0,0
AncK6,Cyanobacteria,-0.5651790040699307,2.4760319329490316e-22,8.747103464062935e-22,-0.5651790040699307,2.4760319329490316e-22,8.747103464062935e-22,-0.2577717734943836,0,0
AncK6,Firmicutes,-0.07990761562842807,0.20982921326058734,0.2253279619673353,-0.07990761562842807,0.20982921326058734,0.2253279619673353,-0.2775872378489683,0,0
AncK6,Euryarchaeota,0.14061867974214778,0.02680874993999088,0.030249873066616577,0.14061867974214778,0.02680874993999088,0.030249873066616577,-0.368446753385271,0,0
Actinobacteria,AncK6,0.017850810176292326,0.7796946929103877,0.7901463643971222,0.017850810176292326,0.7796946929103877,0.7901463643971222,-0.4657835798067586,0,0
AncK6,Bacteroidetes,-0.270012095202266,1.6250727617901547e-5,2.2920802386443225e-5,-0.270012095202266,1.6250727617901547e-5,2.2920802386443225e-5,-0.24021477295886767,0,0
AncK6,Proteobacteria,-0.03785372974687563,0.5529655454758037,0.5710955633602562,-0.03785372974687563,0.5529655454758037,0.5710955633602562,-0.24163605805560898,0,0
AncK6,Verrucomicrobia,0.22038691045685257,4.7192106519905404e-4,5.926450586220679e-4,0.22038691045685257,4.7192106519905404e-4,5.926450586220679e-4,-0.3083859684385764,0,0
AncK6,Unassigned.1,0.2848010798401198,5.185964679346748e-6,7.481723100874315e-6,0.2848010798401198,5.185964679346748e-6,7.481723100874315e-6,-0.21744016593471496,0,0
AncK6,Chlamydiae,0.23425196007373678,1.974236941596543e-4,2.546967794960728e-4,0.23425196007373678,1.974236941596543e-4,2.546967794960728e-4,-0.0868301254520033,0.06,0.0872307692307693
AncK6,ZB3,0.09224527866378845,0.147496535694709,0.1611378337936416,0.09224527866378845,0.147496535694709,0.1611378337936416,-0.30025704019157917,0,0
AncK6,TM7,0.3870242014829565,2.7588517435758577e-10,5.240431955134042e-10,0.3870242014829565,2.7588517435758577e-10,5.240431955134042e-10,0.06400512488028912,0.10000000000000009,0.1426415094339624
AncK6,WPS-2,0.1333845625496201,0.035788726470439514,0.04002407871546194,0.1333845625496201,0.035788726470439514,0.04002407871546194,-0.023476804931203597,0.4,0.4861736334405145
AncK6,Lentisphaerae,0.3363717985717847,5.6524450187137386e-8,9.130872722537578e-8,0.3363717985717847,5.6524450187137386e-8,9.130872722537578e-8,0.11768373695759438,0,0
AncK6,Parvarchaeota,0.6246130325097029,3.09675172566397e-28,1.4451508053098528e-27,0.6246130325097029,3.09675172566397e-28,1.4451508053098528e-27,0.27487809683511544,0,0
AncK6,GN02,0.49191973217227275,1.618754476606627e-16,4.3706370868378935e-16,0.49191973217227275,1.618754476606627e-16,4.3706370868378935e-16,0.1676757973746848,0,0
AncK6,Crenarchaeota,0.700633842308442,6.263330055612981e-38,4.384331038929087e-37,0.700633842308442,6.263330055612981e-38,4.384331038929087e-37,0.3113277883633929,0,0
Acidobacteria,AncK6,0.7580559934427498,1.4487530525836874e-47,1.3038777473253186e-46,0.7580559934427498,1.4487530525836874e-47,1.3038777473253186e-46,0.5043240702951313,0,0
AncK6,AncK6,1,-0,-0,1,-0,-0,1,1,1
OD1,SBR1093,-0.05593169958587211,0.38045939532578277,0.4017141101484522,-0.05593169958587211,0.38045939532578277,0.4017141101484522,-0.16927011000063918,0,0
Cyanobacteria,OD1,-0.32427556736306623,1.7632415330882105e-7,2.731579096341572e-7,-0.32427556736306623,1.7632415330882105e-7,2.731579096341572e-7,-0.19259926338429645,0,0
Firmicutes,OD1,0.025367542244293443,0.6909735687592898,0.7059135378135447,0.025367542244293443,0.6909735687592898,0.7059135378135447,-0.3302687257949882,0,0
Euryarchaeota,OD1,0.2389420591583974,1.452645558879628e-4,1.9132404921829246e-4,0.2389420591583974,1.452645558879628e-4,1.9132404921829246e-4,-0.3731279998476579,0,0
Actinobacteria,OD1,0.23633528855921143,1.72402355050981e-4,2.239453271796248e-4,0.23633528855921143,1.72402355050981e-4,2.239453271796248e-4,-0.34990301195072787,0,0
Bacteroidetes,OD1,-0.133723724475502,0.03531689570241724,0.039613610016361184,-0.133723724475502,0.03531689570241724,0.039613610016361184,-0.2599359326834613,0,0
OD1,Proteobacteria,0.10416128583570554,0.10173477996948141,0.11146593283612745,0.10416128583570554,0.10173477996948141,0.11146593283612745,-0.23602226543621968,0,0
OD1,Verrucomicrobia,0.27041143522221167,1.5770742874669128e-5,2.2327119125936066e-5,0.27041143522221167,1.5770742874669128e-5,2.2327119125936066e-5,-0.3918501998278594,0,0
OD1,Unassigned.1,0.4028249346951197,4.3075598388459144e-11,8.393080510741008e-11,0.4028249346951197,4.3075598388459144e-11,8.393080510741008e-11,-0.2037533890900822,0,0
Chlamydiae,OD1,0.3701117835991501,1.8100187279832605e-9,3.2425927923112443e-9,0.3701117835991501,1.8100187279832605e-9,3.2425927923112443e-9,-8.271533742527574e-4,0.7,0.8018181818181818
OD1,ZB3,0.26777027135650716,1.9212664380454662e-5,2.6897730132636524e-5,0.26777027135650716,1.9212664380454662e-5,2.6897730132636524e-5,-0.18912769836027332,0,0
OD1,TM7,0.5173080692122652,2.2444081072655816e-18,6.576637709661936e-18,0.5173080692122652,2.2444081072655816e-18,6.576637709661936e-18,0.09971574258129264,0.08000000000000007,0.11541984732824438
OD1,WPS-2,0.23956005752942708,1.3944542625268804e-4,1.8430199693537092e-4,0.23956005752942708,1.3944542625268804e-4,1.8430199693537092e-4,-0.05488911350869476,0.14,0.196
Lentisphaerae,OD1,0.247733151680825,8.038890523059804e-5,1.0699650062382416e-4,0.247733151680825,8.038890523059804e-5,1.0699650062382416e-4,-0.016916717903788098,0.44,0.533076923076923
OD1,Parvarchaeota,0.5914614404677413,8.580186363148319e-25,3.52533744051094e-24,0.5914614404677413,8.580186363148319e-25,3.52533744051094e-24,0.34335479414593983,0,0
GN02,OD1,0.6251446166380373,2.705959623055017e-28,1.2785659218934956e-27,0.6251446166380373,2.705959623055017e-28,1.2785659218934956e-27,0.2537388792308265,0,0
Crenarchaeota,OD1,0.5757709884505159,2.6841997737322344e-23,1.0045816974958264e-22,0.5757709884505159,2.6841997737322344e-23,1.0045816974958264e-22,0.21953190010888163,0,0
Acidobacteria,OD1,0.65114069333356706,2.6511795040445566e-31,1.4957400784012573e-30,0.65114069333356706,2.6511795040445566e-31,1.4957400784012573e-30,0.3599926047767081,0,0
AncK6,OD1,0.6301040037204038,7.590611537795109e-29,3.8256682150487347e-28,0.6301040037204038,7.590611537795109e-29,3.8256682150487347e-28,0.30701669401440246,0,0
OD1,OD1,1,-0,-0,1,-0,-0,1,1,1
Planctomycetes,SBR1093,0.030956893802996134,0.6275607025722872,0.6463704239027919,0.030956893802996134,0.6275607025722872,0.6463704239027919,-0.1757682239786027,0,0
Cyanobacteria,Planctomycetes,-0.23741544926232847,1.6062792205473673e-4,2.1009465237609165e-4,-0.23741544926232847,1.6062792205473673e-4,2.1009465237609165e-4,-0.23288403928902576,0,0
Firmicutes,Planctomycetes,0.20235402920329737,0.0013563448034924976,0.0016592179149519872,0.20235402920329737,0.0013563448034924976,0.0016592179149519872,-0.34192419510950506,0,0
Euryarchaeota,Planctomycetes,0.4129025507789466,1.2508287475306398e-11,2.5557473868463884e-11,0.4129025507789466,1.2508287475306398e-11,2.5557473868463884e-11,-0.08951809775548421,0.22,0.28875
Actinobacteria,Planctomycetes,0.41953103751845106,5.420757138157058e-12,1.1320697227753415e-11,0.41953103751845106,5.420757138157058e-12,1.1320697227753415e-11,-0.00984389532031378,0.64,0.7375609756097561
Bacteroidetes,Planctomycetes,0.0557257492635439,0.3822186472177831,0.402447489271092,0.0557257492635439,0.3822186472177831,0.402447489271092,-0.3007014382453995,0,0
Planctomycetes,Proteobacteria,0.31197496672755176,5.334813597947543e-7,8.034101753084347e-7,0.31197496672755176,5.334813597947543e-7,8.034101753084347e-7,-0.15392373271810822,0.06,0.0872307692307693
Planctomycetes,Verrucomicrobia,0.5638638488933496,3.2446197630454804e-22,1.1356169170659182e-21,0.5638638488933496,3.2446197630454804e-22,1.1356169170659182e-21,0.010518768099100826,0.98,1
Planctomycetes,Unassigned.1,0.6020742001500755,7.498506770032923e-26,3.184759055137579e-25,0.6020742001500755,7.498506770032923e-26,3.184759055137579e-25,-0.1591221825778658,0.04,0.060480000000000055
Chlamydiae,Planctomycetes,0.44902182270073954,1.0443142520764652e-13,2.436733254845086e-13,0.44902182270073954,1.0443142520764652e-13,2.436733254845086e-13,-0.2555146686416161,0,0
Planctomycetes,ZB3,0.3697807379818125,1.8759015602802372e-9,3.3447678763487246e-9,0.3697807379818125,1.8759015602802372e-9,3.3447678763487246e-9,-0.21087440515246617,0,0
Planctomycetes,TM7,0.5677404378544878,1.4574127264167792e-22,5.197188779108892e-22,0.5677404378544878,1.4574127264167792e-22,5.197188779108892e-22,-0.1153535802493973,0.02,0.03123966942148763
Planctomycetes,WPS-2,0.3356308204402269,6.069020873892428e-8,9.729149207041031e-8,0.3356308204402269,6.069020873892428e-8,9.729149207041031e-8,-0.33537161038057806,0,0
Lentisphaerae,Planctomycetes,0.3988774076045086,6.9140656387668e-11,1.3266582799258124e-10,0.3988774076045086,6.9140656387668e-11,1.3266582799258124e-10,-0.24039547705769568,0.04,0.060480000000000055
Parvarchaeota,Planctomycetes,0.5343424377507295,1.0341311553374528e-19,3.284887199307203e-19,0.5343424377507295,1.0341311553374528e-19,3.284887199307203e-19,0.07974963554334173,0.19999999999999996,0.26903914590747335
GN02,Planctomycetes,0.6033788588236039,5.522189977045596e-26,2.372031603776404e-25,0.6033788588236039,5.522189977045596e-26,2.372031603776404e-25,-5.952136661681584e-4,0.84,0.9311436950146627
Crenarchaeota,Planctomycetes,0.6733224864799613,4.099063961822976e-34,2.4991067380146532e-33,0.6733224864799613,4.099063961822976e-34,2.4991067380146532e-33,0.42871182455433277,0,0
Acidobacteria,Planctomycetes,0.7354481054175764,1.796691470465566e-43,1.4148945329916334e-42,0.7354481054175764,1.796691470465566e-43,1.4148945329916334e-42,0.36512533922071655,0,0
AncK6,Planctomycetes,0.6721668220858087,5.8230790571110595e-34,3.4938474342666355e-33,0.6721668220858087,5.8230790571110595e-34,3.4938474342666355e-33,0.1146377516793837,0.020000000000000018,0.03123966942148763
OD1,Planctomycetes,0.6986200552177017,1.2384415445788424e-37,8.5114709791055e-37,0.6986200552177017,1.2384415445788424e-37,8.5114709791055e-37,0.17379154370504354,0,0
Planctomycetes,Planctomycetes,1,-0,-0,1,-0,-0,1,1,1
SAR406,SBR1093,0.23483372065560992,1.9011513241853445e-4,2.4610794539111654e-4,0.23483372065560992,1.9011513241853445e-4,2.4610794539111654e-4,0.211296438301229,0,0
Cyanobacteria,SAR406,-0.004617817482329102,0.9423198291772581,0.9473321686941584,-0.004617817482329102,0.9423198291772581,0.9473321686941584,0.1867549454104774,0.020000000000000018,0.03123966942148763
Firmicutes,SAR406,0.42223887374086533,3.831859158867526e-12,8.046904233621805e-12,0.42223887374086533,3.831859158867526e-12,8.046904233621805e-12,-0.032732211913896206,0.98,1
Euryarchaeota,SAR406,0.6742217555322633,3.1157611604990285e-34,1.9307503584731685e-33,0.6742217555322633,3.1157611604990285e-34,1.9307503584731685e-33,0.4003263941455002,0,0
Actinobacteria,SAR406,0.7057795087982476,1.0688079513016956e-38,7.769411646000787e-38,0.7057795087982476,1.0688079513016956e-38,7.769411646000787e-38,0.6124483794345945,0,0
Bacteroidetes,SAR406,0.2608243614667336,3.1974361914056635e-5,4.395021383095785e-5,0.2608243614667336,3.1974361914056635e-5,4.395021383095785e-5,-0.016029868301267187,0.74,0.84
Proteobacteria,SAR406,0.5299976594312641,2.3048898529912013e-19,7.260403036922284e-19,0.5299976594312641,2.3048898529912013e-19,7.260403036922284e-19,0.1723136599863742,0.3400000000000001,0.4284000000000001
SAR406,Verrucomicrobia,0.6538711407674216,1.2307812801667818e-31,7.049020059137023e-31,0.6538711407674216,1.2307812801667818e-31,7.049020059137023e-31,0.3176219373392405,0.040000000000000036,0.060480000000000055
SAR406,Unassigned.1,0.7458283751943512,2.6842666389798654e-45,2.254783976743087e-44,0.7458283751943512,2.6842666389798654e-45,2.254783976743087e-44,0.050434959668784,0.78,0.8748961424332345
Chlamydiae,SAR406,0.519328924472823,1.5719671430873447e-18,4.715901429262034e-18,0.519328924472823,1.5719671430873447e-18,4.715901429262034e-18,-0.27337633101190373,0,0
SAR406,ZB3,0.5582095779798354,1.0233714058841202e-21,3.484994517335112e-21,0.5582095779798354,1.0233714058841202e-21,3.484994517335112e-21,0.06942820370824315,0.17999999999999994,0.24387096774193545
SAR406,TM7,0.5133434435399473,4.4827885649294586e-18,1.2837076345025268e-17,0.5133434435399473,4.4827885649294586e-18,1.2837076345025268e-17,-0.25148879669529145,0,0
SAR406,WPS-2,0.34979000461551857,1.5093768342640105e-8,2.4914604513178863e-8,0.34979000461551857,1.5093768342640105e-8,2.4914604513178863e-8,-0.4407158902765641,0,0
Lentisphaerae,SAR406,0.3605692487160809,4.991867066556532e-9,8.655622711735639e-9,0.3605692487160809,4.991867066556532e-9,8.655622711735639e-9,-0.5561203029953786,0,0
Parvarchaeota,SAR406,0.4342518590962257,7.918192906123266e-13,1.740160999136392e-12,0.4342518590962257,7.918192906123266e-13,1.740160999136392e-12,-0.17265549416465242,0.04,0.060480000000000055
GN02,SAR406,0.6451792842958408,1.3780310338956401e-30,7.441367583036457e-30,0.6451792842958408,1.3780310338956401e-30,7.441367583036457e-30,-0.1543543095935026,0.02,0.03123966942148763
Crenarchaeota,SAR406,0.5709800976270668,7.405952162181715e-23,2.6661427783854175e-22,0.5709800976270668,7.405952162181715e-23,2.6661427783854175e-22,0.1913293378899512,0,0
Acidobacteria,SAR406,0.6194513376492786,1.1323006515334605e-27,5.15674272626082e-27,0.6194513376492786,1.1323006515334605e-27,5.15674272626082e-27,-0.08190061389322659,0.06,0.0872307692307693
AncK6,SAR406,0.5381593173551222,5.0655511674181726e-20,1.6365626848581788e-19,0.5381593173551222,5.0655511674181726e-20,1.6365626848581788e-19,-0.24335087960971769,0,0
OD1,SAR406,0.6321879778805767,4.418882438152374e-29,2.2572129211102666e-28,0.6321879778805767,4.418882438152374e-29,2.2572129211102666e-28,-0.14301568468495893,0.02,0.03123966942148763
Planctomycetes,SAR406,0.8008409412677976,1.0631333250262435e-56,1.2177708995755153e-55,0.8008409412677976,1.0631333250262435e-56,1.2177708995755153e-55,0.42862626190985653,0,0
SAR406,SAR406,0.9999999999999998,0,0,0.9999999999999998,0,0,1,1,1
PAUC34f,SBR1093,0.18608477060361728,0.003267374787265103,0.003920849744718124,0.18608477060361728,0.003267374787265103,0.003920849744718124,-0.022191033952344046,0.4,0.4861736334405145
Cyanobacteria,PAUC34f,-0.11443400376666805,0.07203164217331487,0.0800822374750383,-0.11443400376666805,0.07203164217331487,0.0800822374750383,-0.118145886840353,0.02,0.03123966942148763
Firmicutes,PAUC34f,0.30882978950078227,7.024715600383077e-7,1.0537073400574616e-6,0.30882978950078227,7.024715600383077e-7,1.0537073400574616e-6,-0.22594125181199443,0,0
Euryarchaeota,PAUC34f,0.5580486309429566,1.0570477839772865e-21,3.5675362709233416e-21,0.5580486309429566,1.0570477839772865e-21,3.5675362709233416e-21,0.09639525872655208,0.21999999999999997,0.28875
Actinobacteria,PAUC34f,0.46737312760431937,7.325519847328116e-15,1.786481614380663e-14,0.46737312760431937,7.325519847328116e-15,1.786481614380663e-14,-0.09038217211008265,0.16,0.22153846153846155
Bacteroidetes,PAUC34f,0.02947351759858378,0.6441495329037378,0.6598604971209021,0.02947351759858378,0.6441495329037378,0.6598604971209021,-0.3233453556440566,0,0
PAUC34f,Proteobacteria,0.3199619201776463,2.6144240218462366e-7,4.001021377562257e-7,0.3199619201776463,2.6144240218462366e-7,4.001021377562257e-7,-0.26740899967231047,0,0
PAUC34f,Verrucomicrobia,0.5293097428099051,2.6139885691316644e-19,8.166013877122058e-19,0.5293097428099051,2.6139885691316644e-19,8.166013877122058e-19,-0.1903642618292945,0,0
PAUC34f,Unassigned.1,0.6077939838831649,1.94055880350863e-26,8.431393422140945e-26,0.6077939838831649,1.94055880350863e-26,8.431393422140945e-26,-0.2549249428844453,0,0
Chlamydiae,PAUC34f,0.5076773448745812,1.1863144112439728e-17,3.34646901082255e-17,0.5076773448745812,1.1863144112439728e-17,3.34646901082255e-17,-0.14709769654251695,0,0
PAUC34f,ZB3,0.4906811942556131,1.9766746902704867e-16,5.29917044625705e-16,0.4906811942556131,1.9766746902704867e-16,5.29917044625705e-16,-0.03866548495353701,0.58,0.6829906542056073
PAUC34f,TM7,0.5722728488956437,5.640988237469619e-23,2.0502822632341498e-22,0.5722728488956437,5.640988237469619e-23,2.0502822632341498e-22,0.0330304532837785,0.32000000000000006,0.40454849498327766
PAUC34f,WPS-2,0.3656842450241682,2.9100362200672776e-9,5.116249726443865e-9,0.3656842450241682,2.9100362200672776e-9,5.116249726443865e-9,-0.197867046340075,0,0
Lentisphaerae,PAUC34f,0.26303888640856904,2.7223271082367474e-5,3.7556191493193085e-5,0.26303888640856904,2.7223271082367474e-5,3.7556191493193085e-5,-0.31919564694342695,0,0
Parvarchaeota,PAUC34f,0.35952229823935705,5.568347446146726e-9,9.580052941864475e-9,0.35952229823935705,5.568347446146726e-9,9.580052941864475e-9,-0.0641326933075108,0.02,0.03123966942148763
GN02,PAUC34f,0.5814298280439466,7.921518434643798e-24,3.1190978836409953e-23,0.5814298280439466,7.921518434643798e-24,3.1190978836409953e-23,-0.03802038856118796,0.38,0.46788273615635184
Crenarchaeota,PAUC34f,0.6279155326294212,1.3338556836609636e-28,6.464069851587746e-28,0.6279155326294212,1.3338556836609636e-28,6.464069851587746e-28,0.362790636737649,0,0
Acidobacteria,PAUC34f,0.6365506236878858,1.404717361207624e-29,7.374766146340025e-29,0.6365506236878858,1.404717361207624e-29,7.374766146340025e-29,0.23206620662564204,0,0
AncK6,PAUC34f,0.6211732348232543,7.367057215539474e-28,3.396033692041367e-27,0.6211732348232543,7.367057215539474e-28,3.396033692041367e-27,0.08054859184575575,0.020000000000000018,0.03123966942148763
OD1,PAUC34f,0.6297691160818002,8.27691305912973e-29,4.116675179409261e-28,0.6297691160818002,8.27691305912973e-29,4.116675179409261e-28,0.08172201397175882,0,0
PAUC34f,Planctomycetes,0.7604755325383236,4.9682456650226855e-48,4.580480149703841e-47,0.7604755325383236,4.9682456650226855e-48,4.580480149703841e-47,0.2560691618209553,0,0
PAUC34f,SAR406,0.7789755957592089,8.921476902073941e-52,9.635195054239857e-51,0.7789755957592089,8.921476902073941e-52,9.635195054239857e-51,0.18970938680521288,0,0
PAUC34f,PAUC34f,1,-0,-0,1,-0,-0,1,1,1
Chloroflexi,SBR1093,0.22234061970647936,4.187168904350208e-4,5.293477745298926e-4,0.22234061970647936,4.187168904350208e-4,5.293477745298926e-4,0.07692064739273162,0.21999999999999997,0.28875
Chloroflexi,Cyanobacteria,-0.1974374049131574,0.0017819756420870865,0.0021658739315399316,-0.1974374049131574,0.0017819756420870865,0.0021658739315399316,-0.17378427615724476,0,0
Chloroflexi,Firmicutes,0.2501368597061515,6.8120919088972e-5,9.131101920436671e-5,0.2501368597061515,6.8120919088972e-5,9.131101920436671e-5,-0.26437824956126954,0,0
Chloroflexi,Euryarchaeota,0.5487135357639829,6.71102789886352e-21,2.2449279166109826e-20,0.5487135357639829,6.71102789886352e-21,2.2449279166109826e-20,0.10168343605831498,0.21999999999999997,0.28875
Actinobacteria,Chloroflexi,0.4353379841892513,6.844944951814582e-13,1.5130930946116445e-12,0.4353379841892513,6.844944951814582e-13,1.5130930946116445e-12,0.07022228670952624,0.5,0.5981012658227848
Bacteroidetes,Chloroflexi,-0.05139227824327238,0.42037531876282275,0.4413940847009639,-0.05139227824327238,0.42037531876282275,0.4413940847009639,-0.39466677205769773,0,0
Chloroflexi,Proteobacteria,0.2535887492383728,5.3548851619388815e-5,7.255005703272033e-5,0.2535887492383728,5.3548851619388815e-5,7.255005703272033e-5,-0.23969039000703016,0,0
Chloroflexi,Verrucomicrobia,0.4557544056105178,4.013018551912541e-14,9.480756328893378e-14,0.4557544056105178,4.013018551912541e-14,9.480756328893378e-14,-0.11103714592255695,0.1,0.1426415094339624
Chloroflexi,Unassigned.1,0.5727573502344342,5.092275237786259e-23,1.868815572702142e-22,0.5727573502344342,5.092275237786259e-23,1.868815572702142e-22,-0.2191154496710357,0.02,0.03123966942148763
Chlamydiae,Chloroflexi,0.46047974915742557,2.0250851851444955e-14,4.844824050535565e-14,0.46047974915742557,2.0250851851444955e-14,4.844824050535565e-14,-0.2714150805767267,0,0
Chloroflexi,ZB3,0.4885581506871793,2.778633606034218e-16,7.344919601964577e-16,0.4885581506871793,2.778633606034218e-16,7.344919601964577e-16,0.018433918714201296,0.9199999999999999,1
Chloroflexi,TM7,0.5614172224581987,5.348058392542186e-22,1.8546477728265564e-21,0.5614172224581987,5.348058392542186e-22,1.8546477728265564e-21,-0.02242151215521449,0.62,0.7255727554179566
Chloroflexi,WPS-2,0.2519030493578304,6.0253447821892206e-5,8.134215455955448e-5,0.2519030493578304,6.0253447821892206e-5,8.134215455955448e-5,-0.36914522701663605,0,0
Chloroflexi,Lentisphaerae,0.2603077537513843,3.319020378404602e-5,4.5456148660758684e-5,0.2603077537513843,3.319020378404602e-5,4.5456148660758684e-5,-0.3926836626874929,0,0
Chloroflexi,Parvarchaeota,0.3534241117211864,1.0442287842610948e-8,1.7465419488968753e-8,0.3534241117211864,1.0442287842610948e-8,1.7465419488968753e-8,-0.18501909336778033,0,0
Chloroflexi,GN02,0.5360443733839246,7.531048110675482e-20,2.41248829308079e-19,0.5360443733839246,7.531048110675482e-20,2.41248829308079e-19,-0.1408908289964959,0,0
Chloroflexi,Crenarchaeota,0.7627720984503337,1.7778888966162175e-48,1.6801050073023255e-47,0.7627720984503337,1.7778888966162175e-48,1.6801050073023255e-47,0.5865592136888288,0,0
Acidobacteria,Chloroflexi,0.675699962939089,1.98078760293726e-34,1.2478961898504738e-33,0.675699962939089,1.98078760293726e-34,1.2478961898504738e-33,0.24720197565199506,0,0
AncK6,Chloroflexi,0.6252279171632117,2.649297128531562e-28,1.267638372892317e-27,0.6252279171632117,2.649297128531562e-28,1.267638372892317e-27,0.004906562126130308,0.6399999999999999,0.7375609756097561
Chloroflexi,OD1,0.6473811736824692,7.5288152256195545e-31,4.1851355224767526e-30,0.6473811736824692,7.5288152256195545e-31,4.1851355224767526e-30,0.03967870297531728,0.28,0.3624657534246576
Chloroflexi,Planctomycetes,0.7740056531178495,9.808205789523726e-51,1.0020275103891806e-49,0.7740056531178495,9.808205789523726e-51,1.0020275103891806e-49,0.4026488487715317,0,0
Chloroflexi,SAR406,0.7714334719113332,3.311761210158876e-50,3.294330888000145e-49,0.7714334719113332,3.311761210158876e-50,3.294330888000145e-49,0.41468018627169134,0,0
Chloroflexi,PAUC34f,0.8498640865225019,2.1969162870175448e-70,2.7681145216421065e-69,0.8498640865225019,2.1969162870175448e-70,2.7681145216421065e-69,0.43380004750555606,0,0
Chloroflexi,Chloroflexi,1,-0,-0,1,-0,-0,1,1,1
Gemmatimonadetes,SBR1093,0.04637307413927406,0.46723472666539545,0.485205293075603,0.04637307413927406,0.46723472666539545,0.485205293075603,-0.22931098263181782,0,0
Cyanobacteria,Gemmatimonadetes,-0.26695377913255186,2.0413181357441362e-5,2.8368318209973657e-5,-0.26695377913255186,2.0413181357441362e-5,2.8368318209973657e-5,-0.2929617427734508,0,0
Firmicutes,Gemmatimonadetes,0.18771050970292022,0.003001763547604832,0.0036135879649510393,0.18771050970292022,0.003001763547604832,0.0036135879649510393,-0.28339907602400793,0,0
Euryarchaeota,Gemmatimonadetes,0.517610670708434,2.1281822962419325e-18,6.284788343589457e-18,0.517610670708434,2.1281822962419325e-18,6.284788343589457e-18,0.06455082473979369,0.32000000000000006,0.40454849498327766
Actinobacteria,Gemmatimonadetes,0.35496418234767557,8.920250032155235e-9,1.505292192926196e-8,0.35496418234767557,8.920250032155235e-9,1.505292192926196e-8,-0.1467541542374112,0,0
Bacteroidetes,Gemmatimonadetes,-0.08563778817519475,0.17885698095696512,0.19316553943352233,-0.08563778817519475,0.17885698095696512,0.19316553943352233,-0.34057651886876583,0,0
Gemmatimonadetes,Proteobacteria,0.18245682869979685,0.0039383641050988755,0.004711081113061313,0.18245682869979685,0.0039383641050988755,0.004711081113061313,-0.2760508813047744,0,0
Gemmatimonadetes,Verrucomicrobia,0.4419216968944079,2.799456665474567e-13,6.298777497317775e-13,0.4419216968944079,2.799456665474567e-13,6.298777497317775e-13,-0.12606533712496604,0,0
Gemmatimonadetes,Unassigned.1,0.5182156651049975,1.913241227052076e-18,5.6945290065014554e-18,0.5182156651049975,1.913241227052076e-18,5.6945290065014554e-18,-0.19177907357509993,0,0
Chlamydiae,Gemmatimonadetes,0.3658239317017121,2.8670818338594246e-9,5.064284734574124e-9,0.3658239317017121,2.8670818338594246e-9,5.064284734574124e-9,-0.19351111007578936,0,0
Gemmatimonadetes,ZB3,0.35950964764619914,5.575692188386731e-9,9.580052941864475e-9,0.35950964764619914,5.575692188386731e-9,9.580052941864475e-9,-0.14417935889187306,0,0
Gemmatimonadetes,TM7,0.57501729921846,3.152343279338552e-23,1.1682213329313457e-22,0.57501729921846,3.152343279338552e-23,1.1682213329313457e-22,0.17854326447557273,0,0
Gemmatimonadetes,WPS-2,0.3132587924241027,4.763636070916854e-7,7.202617739226284e-7,0.3132587924241027,4.763636070916854e-7,7.202617739226284e-7,-0.13315978536748757,0,0
Gemmatimonadetes,Lentisphaerae,0.36134777495789305,4.6010542900673195e-9,8.014739731085008e-9,0.36134777495789305,4.6010542900673195e-9,8.014739731085008e-9,-0.09130668625295868,0.06,0.0872307692307693
Gemmatimonadetes,Parvarchaeota,0.392982468302825,1.3855174633372004e-10,2.6450787936437463e-10,0.392982468302825,1.3855174633372004e-10,2.6450787936437463e-10,-0.050208948720751656,0.12,0.17052631578947366
Gemmatimonadetes,GN02,0.4576849745818357,3.0385881909050945e-14,7.223813434981923e-14,0.4576849745818357,3.0385881909050945e-14,7.223813434981923e-14,-0.07727151933043142,0.02,0.03123966942148763
Crenarchaeota,Gemmatimonadetes,0.8558871671108415,2.114692132296893e-72,2.7563918138214673e-71,0.8558871671108415,2.114692132296893e-72,2.7563918138214673e-71,0.7214579427469862,0,0
Acidobacteria,Gemmatimonadetes,0.74067557248266,2.2182432348598658e-44,1.8228172669065852e-43,0.74067557248266,2.2182432348598658e-44,1.8228172669065852e-43,0.5370581957914057,0,0
AncK6,Gemmatimonadetes,0.6857178889729553,8.566330934378318e-36,5.582884643439663e-35,0.6857178889729553,8.566330934378318e-36,5.582884643439663e-35,0.2911440473342537,0,0
Gemmatimonadetes,OD1,0.6469675347598992,8.437427317309682e-31,4.622242791221826e-30,0.6469675347598992,8.437427317309682e-31,4.622242791221826e-30,0.1589353505811545,0,0
Gemmatimonadetes,Planctomycetes,0.7754864692465149,4.8324771748465686e-51,5.074101033588897e-50,0.7754864692465149,4.8324771748465686e-51,5.074101033588897e-50,0.4083594224842139,0,0
Gemmatimonadetes,SAR406,0.6972430448397823,1.9674767182156975e-37,1.3047477183956731e-36,0.6972430448397823,1.9674767182156975e-37,1.3047477183956731e-36,0.17086613965738456,0.06000000000000005,0.0872307692307693
Gemmatimonadetes,PAUC34f,0.7952788547214353,2.1663965825664423e-55,2.408523259441515e-54,0.7952788547214353,2.1663965825664423e-55,2.408523259441515e-54,0.4669190373357561,0,0
Chloroflexi,Gemmatimonadetes,0.869742938647855,2.0692316074321935e-77,2.7934626700334615e-76,0.869742938647855,2.0692316074321935e-77,2.7934626700334615e-76,0.6117818367026248,0,0
Gemmatimonadetes,Gemmatimonadetes,0.9999999999999998,0,0,0.9999999999999998,0,0,1,1,1
Nitrospirae,SBR1093,-0.14952230252649754,0.018470755897411307,0.021093491629067897,-0.14952230252649754,0.018470755897411307,0.021093491629067897,-0.05360697429202692,0.18,0.24387096774193545
Cyanobacteria,Nitrospirae,-0.30841664086038656,7.281566668739609e-7,1.0879178659223605e-6,-0.30841664086038656,7.281566668739609e-7,1.0879178659223605e-6,0.10368382616018801,0.020000000000000018,0.03123966942148763
Firmicutes,Nitrospirae,0.06398973752682076,0.31554765170336246,0.3341092782741485,0.06398973752682076,0.31554765170336246,0.3341092782741485,-0.016778572043455696,0.78,0.8748961424332345
Euryarchaeota,Nitrospirae,0.24202428682585125,1.1834317168138765e-4,1.5696041717741941e-4,0.24202428682585125,1.1834317168138765e-4,1.5696041717741941e-4,-0.30108255419958974,0,0
Actinobacteria,Nitrospirae,0.15460299584364665,0.01480719181671439,0.016960965171872847,0.15460299584364665,0.01480719181671439,0.016960965171872847,-0.3100710307643335,0,0
Bacteroidetes,Nitrospirae,-0.003320587836411482,0.9585058829109628,0.9585058829109628,-0.003320587836411482,0.9585058829109628,0.9585058829109628,0.07445983188807292,0.040000000000000036,0.060480000000000055
Nitrospirae,Proteobacteria,0.13816175783323448,0.02961334418387818,0.033315012206862955,0.13816175783323448,0.02961334418387818,0.033315012206862955,-0.0070588920845202525,0.9,0.9918367346938775
Nitrospirae,Verrucomicrobia,0.2895510951638953,3.543188118170393e-6,5.191182591738018e-6,0.2895510951638953,3.543188118170393e-6,5.191182591738018e-6,-0.16965541289258146,0,0
Nitrospirae,Unassigned.1,0.374148433156137,1.1666338595436006e-9,2.1201326870551973e-9,0.374148433156137,1.1666338595436006e-9,2.1201326870551973e-9,-0.031011695945915713,0.56,0.6615
Chlamydiae,Nitrospirae,0.224086678083823,3.7593431331767706e-4,4.7685627662443603e-4,0.224086678083823,3.7593431331767706e-4,4.7685627662443603e-4,0.09164869367418978,0.3799999999999999,0.46788273615635184
Nitrospirae,ZB3,0.2482445151985019,7.761697097873529e-5,1.0367213791505986e-4,0.2482445151985019,7.761697097873529e-5,1.0367213791505986e-4,-0.10039975991021347,0,0
Nitrospirae,TM7,0.36453210453708884,3.2888855519328713e-9,5.7555497158825245e-9,0.36453210453708884,3.2888855519328713e-9,5.7555497158825245e-9,0.07464608146354756,0.17999999999999994,0.24387096774193545
Nitrospirae,WPS-2,0.23810701781202975,1.5348893439184186e-4,2.0145422638929243e-4,0.23810701781202975,1.5348893439184186e-4,2.0145422638929243e-4,0.07659672693898992,0.10000000000000009,0.1426415094339624
Lentisphaerae,Nitrospirae,0.33537683783943784,6.218496171211998e-8,9.918107817376097e-8,0.33537683783943784,6.218496171211998e-8,9.918107817376097e-8,0.1348776040273873,0,0
Nitrospirae,Parvarchaeota,0.25148532987120276,6.203295924705766e-5,8.344647186970747e-5,0.25148532987120276,6.203295924705766e-5,8.344647186970747e-5,0.11806179909175743,0,0
GN02,Nitrospirae,0.3026755800566724,1.1926032715231982e-6,1.7678589671990938e-6,0.3026755800566724,1.1926032715231982e-6,1.7678589671990938e-6,0.050511937805563845,0.48,0.576
Crenarchaeota,Nitrospirae,0.5446049644612169,1.4865989841519825e-20,4.8442622069780125e-20,0.5446049644612169,1.4865989841519825e-20,4.8442622069780125e-20,0.02487240461200762,0.24,0.31282758620689655
Acidobacteria,Nitrospirae,0.5474159020624327,8.637599375204601e-21,2.8640461086204733e-20,0.5474159020624327,8.637599375204601e-21,2.8640461086204733e-20,0.10249377425673216,0,0
AncK6,Nitrospirae,0.49536129359372844,9.252587346622818e-17,2.5161712352686513e-16,0.49536129359372844,9.252587346622818e-17,2.5161712352686513e-16,0.1772299252671845,0,0
Nitrospirae,OD1,0.4455478286128895,1.6967091702486414e-13,3.887006462751433e-13,0.4455478286128895,1.6967091702486414e-13,3.887006462751433e-13,0.08768358280995907,0.30000000000000004,0.38310810810810814
Nitrospirae,Planctomycetes,0.49984090409560294,4.4254180295697704e-17,1.2210277483046518e-16,0.49984090409560294,4.4254180295697704e-17,1.2210277483046518e-16,-0.22392662093859278,0,0
Nitrospirae,SAR406,0.44214287876501224,2.715706483693017e-13,6.146928448119524e-13,0.44214287876501224,2.715706483693017e-13,6.146928448119524e-13,-0.3805721358860379,0,0
Nitrospirae,PAUC34f,0.4605984625620655,1.9903158562354922e-14,4.7919706602357705e-14,0.4605984625620655,1.9903158562354922e-14,4.7919706602357705e-14,-0.18401110137828036,0,0
Chloroflexi,Nitrospirae,0.4801935799185086,1.0390910860633404e-15,2.6719485070200186e-15,0.4801935799185086,1.0390910860633404e-15,2.6719485070200186e-15,-0.2283102896849416,0,0
Gemmatimonadetes,Nitrospirae,0.5152927451889252,3.1938615613778897e-18,9.215875345044599e-18,0.5152927451889252,3.1938615613778897e-18,9.215875345044599e-18,-0.004649753777710683,0.92,1
Nitrospirae,Nitrospirae,1,-0,-0,1,-0,-0,1,1,1
SBR1093,Spirochaetes,-0.15843017184908595,0.012484200622376526,0.01446839137626034,-0.15843017184908595,0.012484200622376526,0.01446839137626034,-0.08882167201482855,0,0
Cyanobacteria,Spirochaetes,-0.1991861834140801,0.001618287848860226,0.0019732671189327915,-0.1991861834140801,0.001618287848860226,0.0019732671189327915,0.04347613210047126,0.48,0.576
Firmicutes,Spirochaetes,0.07018162534421529,0.27089846744192736,0.28844963575506627,0.07018162534421529,0.27089846744192736,0.28844963575506627,-0.04707937517344495,0.16,0.22153846153846155
Euryarchaeota,Spirochaetes,0.15830534713014868,0.01255458299315712,0.01446839137626034,0.15830534713014868,0.01255458299315712,0.01446839137626034,-0.3041216681062376,0,0
Actinobacteria,Spirochaetes,0.22089506133459672,4.575103695616488e-4,5.764630656476775e-4,0.22089506133459672,4.575103695616488e-4,5.764630656476775e-4,-0.2047307298341381,0,0
Bacteroidetes,Spirochaetes,0.0477114495116561,0.45446567861209136,0.4745525594347253,0.0477114495116561,0.45446567861209136,0.4745525594347253,0.0536935779799894,0.3600000000000001,0.4505960264900663
Proteobacteria,Spirochaetes,0.20633666288310107,0.001082274043116551,0.0013369267591439747,0.20633666288310107,0.001082274043116551,0.0013369267591439747,-0.009426695590103949,0.82,0.9116470588235294
Spirochaetes,Verrucomicrobia,0.25587713631751047,4.556523615250673e-5,6.195560886923578e-5,0.25587713631751047,4.556523615250673e-5,6.195560886923578e-5,-0.237127562643421,0,0
Spirochaetes,Unassigned.1,0.3854059736451643,3.318457242473016e-10,6.271884188274e-10,0.3854059736451643,3.318457242473016e-10,6.271884188274e-10,-0.008388972404378636,0.76,0.8575522388059702
Chlamydiae,Spirochaetes,0.23152464586566857,2.3531971699592476e-4,3.025539218519033e-4,0.23152464586566857,2.3531971699592476e-4,3.025539218519033e-4,0.06160805756107467,0.30000000000000004,0.38310810810810814
Spirochaetes,ZB3,0.21128364187831322,8.128892933209818e-4,0.0010140995144400367,0.21128364187831322,8.128892933209818e-4,0.0010140995144400367,-0.11909351510880883,0,0
Spirochaetes,TM7,0.37947806949813506,6.4720066868716e-10,1.1992247684497377e-9,0.37947806949813506,6.4720066868716e-10,1.1992247684497377e-9,0.05965168332617911,0.26,0.33773195876288664
Spirochaetes,WPS-2,0.29210217107827074,2.8793828845596004e-6,4.2350456434378565e-6,0.29210217107827074,2.8793828845596004e-6,4.2350456434378565e-6,0.11486550397194081,0,0
Lentisphaerae,Spirochaetes,0.3556138255517281,8.344615771420708e-9,1.4144685029583083e-8,0.3556138255517281,8.344615771420708e-9,1.4144685029583083e-8,0.15289021464030925,0,0
Parvarchaeota,Spirochaetes,0.3434666113227946,2.8340420832429774e-8,4.6175340839045067e-8,0.3434666113227946,2.8340420832429774e-8,4.6175340839045067e-8,0.17508634298074027,0,0
GN02,Spirochaetes,0.374991905740654,1.0635170085059588e-9,1.9420745372717508e-9,0.374991905740654,1.0635170085059588e-9,1.9420745372717508e-9,0.09924524942043694,0.040000000000000036,0.060480000000000055
Crenarchaeota,Spirochaetes,0.357480068950455,6.8836355821334954e-9,1.1737091864905695e-8,0.357480068950455,6.8836355821334954e-9,1.1737091864905695e-8,-0.026146115504175685,0.62,0.7255727554179566
Acidobacteria,Spirochaetes,0.4707209905090577,4.433615975246034e-15,1.1025702885809218e-14,0.4707209905090577,4.433615975246034e-15,1.1025702885809218e-14,0.10606433284322667,0,0
AncK6,Spirochaetes,0.44769639055672,1.2575673295292945e-13,2.898539332695569e-13,0.44769639055672,1.2575673295292945e-13,2.898539332695569e-13,0.1325704573477896,0,0
OD1,Spirochaetes,0.4283664352318136,1.7278174647330085e-12,3.7320857238232985e-12,0.4283664352318136,1.7278174647330085e-12,3.7320857238232985e-12,0.11844771268940632,0.020000000000000018,0.03123966942148763
Planctomycetes,Spirochaetes,0.5884537590579377,1.6843739377910476e-24,6.84616503747329e-24,0.5884537590579377,1.6843739377910476e-24,6.84616503747329e-24,-0.0179417175948606,0.56,0.6615
SAR406,Spirochaetes,0.4370747189424599,5.416923125097214e-13,1.204468788992204e-12,0.4370747189424599,5.416923125097214e-13,1.204468788992204e-12,-0.27853345021707504,0,0
PAUC34f,Spirochaetes,0.41442465165437176,1.0339827883720009e-11,2.1241602935033497e-11,0.41442465165437176,1.0339827883720009e-11,2.1241602935033497e-11,-0.14955773614073287,0,0
Chloroflexi,Spirochaetes,0.40408457285117927,3.699008034075676e-11,7.282422067086487e-11,0.40408457285117927,3.699008034075676e-11,7.282422067086487e-11,-0.20791301214442126,0,0
Gemmatimonadetes,Spirochaetes,0.4022110857671559,4.6383686469127976e-11,8.991299223246346e-11,0.4022110857671559,4.6383686469127976e-11,8.991299223246346e-11,-0.0655588718616649,0.14,0.196
Nitrospirae,Spirochaetes,0.48200063464704934,7.838330553278435e-16,2.029375992561129e-15,0.48200063464704934,7.838330553278435e-16,2.029375992561129e-15,0.17698026062985053,0,0
Spirochaetes,Spirochaetes,0.9999999999999998,0,0,0.9999999999999998,0,0,1,1,1
