X	Y	LS	lowCI	upCI	Xs	Ys	Len	Delay	P	PCC	Ppcc	SPCC	Pspcc	Dspcc	SCC	Pscc	SSCC	Psscc	Dsscc	Q	Qpcc	Qspcc	Qscc	Qsscc	Xi	Yi
ARISA_402.4	ARISA_419.5	0.538162	0.538162	0.538162	1	1	113	0	0.000000	0.394618	0.000009	0.394618	0.000009	0	0.367622	0.000039	0.367622	0.000039	0	0.000002	0.000017	0.000002	0.000141	0.000005	1	2
ARISA_402.4	ARISA_421.5	0.511891	0.511891	0.511891	1	1	119	0	0.000000	0.515928	0.000000	0.515928	0.000000	0	0.556208	0.000000	0.556208	0.000000	0	0.000009	0.000000	0.000000	0.000000	0.000000	1	3
ARISA_402.4	ARISA_435.5	-0.217754	-0.217754	-0.217754	1	1	108	0	0.193657	-0.186199	0.042610	-0.186199	0.042610	0	-0.249881	0.006130	-0.249881	0.006130	0	0.423624	0.015070	0.001611	0.010127	0.000321	1	4
ARISA_402.4	ARISA_538.9	-0.240919	-0.240919	-0.240919	1	1	107	0	0.098999	-0.249453	0.006221	-0.249453	0.006221	0	-0.249082	0.006301	-0.249082	0.006301	0	0.256664	0.003522	0.000408	0.010127	0.000323	1	5
ARISA_402.4	ARISA_561.8	-0.356979	-0.356979	-0.356979	3	3	114	0	0.001202	-0.283521	0.001781	-0.283521	0.001781	0	-0.288340	0.001473	-0.288340	0.001473	0	0.007427	0.001242	0.000152	0.003786	0.000126	1	6
ARISA_402.4	ARISA_570.1	-0.482638	-0.482638	-0.482638	1	1	108	0	0.000002	-0.348604	0.000102	-0.348604	0.000102	0	-0.247626	0.006624	-0.247626	0.006624	0	0.000045	0.000128	0.000017	0.010459	0.000335	1	7
ARISA_402.4	ARISA_573.6	-0.274242	-0.274242	-0.274242	64	63	56	1	0.033105	-0.172167	0.061164	-0.172167	0.061164	0	-0.136235	0.139579	-0.223050	0.015190	1	0.110350	0.019520	0.002073	0.102911	0.000582	1	8
ARISA_402.4	ARISA_594.1	-0.457365	-0.457365	-0.457365	12	12	106	0	0.000007	-0.339759	0.000157	-0.339759	0.000157	0	-0.307461	0.000670	-0.307461	0.000670	0	0.000123	0.000162	0.000021	0.001829	0.000062	1	9
ARISA_402.4	ARISA_662	-0.129084	-0.129084	-0.129084	9	9	100	0	0.934071	-0.082488	0.372466	-0.112542	0.224991	-1	-0.071785	0.437855	-0.081751	0.378823	-1	1.000000	0.071628	0.005521	0.237392	0.006646	1	10
ARISA_402.4	ARISA_666.4	-0.156541	-0.156541	-0.156541	5	4	115	1	0.717774	-0.126221	0.171360	-0.216844	0.018345	1	-0.142375	0.122440	-0.192942	0.036324	-1	1.000000	0.043566	0.000884	0.094184	0.001100	1	11
ARISA_402.4	ARISA_667.6	-0.121558	-0.121558	-0.121558	64	63	56	1	0.964826	0.034281	0.711292	-0.105260	0.256629	1	0.014401	0.876468	-0.073180	0.430969	1	1.000000	0.112309	0.005934	0.396412	0.007300	1	12
ARISA_402.4	ARISA_670.5	0.131461	0.131461	0.131461	1	1	85	0	0.924416	0.157686	0.086763	0.157686	0.086763	0	0.134614	0.144394	0.134614	0.144394	0	1.000000	0.025830	0.002761	0.104802	0.003146	1	13
ARISA_402.4	ARISA_676.9	0.405630	0.405630	0.405630	1	1	102	0	0.000118	0.339712	0.000157	0.339712	0.000157	0	0.424380	0.000002	0.424380	0.000002	0	0.001244	0.000162	0.000021	0.000008	0.000000	1	14
ARISA_402.4	ARISA_679.4	-0.244532	-0.244532	-0.244532	5	4	81	1	0.088286	-0.005405	0.953481	-0.120790	0.192600	-1	-0.033026	0.721418	-0.112771	0.224043	-1	0.240779	0.136863	0.004938	0.343532	0.004393	1	15
ARISA_402.4	ARISA_682.4	0.288541	0.288541	0.288541	2	2	92	0	0.019465	0.248795	0.006364	0.248795	0.006364	0	0.162987	0.076549	0.281449	0.002019	1	0.075696	0.003535	0.000411	0.070300	0.000157	1	16
ARISA_402.4	ARISA_686.9	-0.283120	-0.283120	-0.283120	1	1	119	0	0.023827	-0.384810	0.000016	-0.384810	0.000016	0	-0.466246	0.000000	-0.466246	0.000000	0	0.086222	0.000027	0.000003	0.000001	0.000000	1	17
ARISA_402.4	ARISA_689.8	-0.161983	-0.161983	-0.161983	48	48	72	0	0.662423	-0.085870	0.353118	-0.085870	0.353118	0	-0.153552	0.095459	-0.158141	0.087202	1	1.000000	0.069694	0.007395	0.080063	0.002202	1	18
ARISA_402.4	ARISA_729.4	0.417191	0.417191	0.417191	1	1	108	0	0.000064	0.365481	0.000044	0.365481	0.000044	0	0.429122	0.000001	0.429122	0.000001	0	0.000751	0.000060	0.000008	0.000008	0.000000	1	19
ARISA_402.4	ARISA_828.8	0.205420	0.205420	0.205420	1	1	59	0	0.271738	0.118272	0.200166	0.118272	0.200166	0	0.231293	0.011377	0.231293	0.011377	0	0.548703	0.048040	0.005067	0.015058	0.000487	1	20
ARISA_402.4	ARISA_831.8	0.456572	0.456572	0.456572	2	2	111	0	0.000008	0.295641	0.001097	0.295641	0.001097	0	0.372958	0.000029	0.372958	0.000029	0	0.000123	0.000883	0.000107	0.000111	0.000004	1	21
ARISA_419.5	ARISA_421.5	0.542522	0.542522	0.542522	1	1	109	0	0.000000	0.461293	0.000000	0.461293	0.000000	0	0.426483	0.000001	0.426483	0.000001	0	0.000002	0.000001	0.000000	0.000008	0.000000	2	3
ARISA_419.5	ARISA_435.5	-0.285446	-0.285446	-0.285446	1	1	115	0	0.022283	-0.242520	0.007873	-0.242520	0.007873	0	-0.199097	0.029950	-0.199097	0.029950	0	0.084896	0.004295	0.000485	0.031343	0.000924	2	4
ARISA_419.5	ARISA_538.9	-0.239350	-0.239350	-0.239350	2	1	81	1	0.104759	-0.133137	0.148891	-0.160964	0.081635	1	-0.156122	0.089976	-0.223881	0.014805	1	0.265053	0.039529	0.002633	0.080063	0.000582	2	5
ARISA_419.5	ARISA_561.8	-0.430703	-0.430703	-0.430703	2	3	117	-1	0.000031	-0.218668	0.016885	-0.344046	0.000136	-1	-0.246920	0.006785	-0.315412	0.000503	-1	0.000410	0.008040	0.000020	0.010529	0.000049	2	6
ARISA_419.5	ARISA_570.1	-0.414975	-0.414975	-0.414975	1	1	74	0	0.000071	-0.258870	0.004473	-0.258870	0.004473	0	-0.283123	0.001809	-0.283123	0.001809	0	0.000782	0.002656	0.000314	0.004521	0.000151	2	7
ARISA_419.5	ARISA_573.6	-0.390031	-0.390031	-0.390031	3	2	111	1	0.000257	-0.210816	0.021370	-0.261084	0.004295	1	-0.249185	0.006279	-0.255439	0.005243	1	0.002244	0.009569	0.000312	0.010127	0.000292	2	8
ARISA_419.5	ARISA_594.1	-0.340725	-0.340725	-0.340725	25	25	64	0	0.002389	-0.201526	0.027965	-0.201526	0.027965	0	-0.171062	0.062871	-0.171062	0.062871	0	0.011944	0.011039	0.001165	0.060196	0.001677	2	9
ARISA_419.5	ARISA_662	-0.265765	-0.265765	-0.265765	8	7	75	1	0.044114	-0.206119	0.024515	-0.290960	0.001391	1	-0.267260	0.003300	-0.267260	0.003300	0	0.140364	0.010358	0.000126	0.006319	0.000212	2	10
ARISA_419.5	ARISA_666.4	-0.145026	-0.145026	-0.145026	8	7	99	1	0.827964	-0.030342	0.743232	-0.153271	0.097513	1	-0.101800	0.270612	-0.209809	0.022590	1	1.000000	0.112611	0.003024	0.162681	0.000753	2	11
ARISA_419.5	ARISA_667.6	0.183683	0.183683	0.183683	20	21	97	-1	0.451641	0.122813	0.183310	0.131430	0.155999	-1	0.082398	0.372990	0.157670	0.088159	-1	0.810638	0.045076	0.004245	0.213816	0.002210	2	12
ARISA_419.5	ARISA_670.5	0.171032	0.171032	0.171032	1	1	116	0	0.568713	0.241555	0.008132	0.241555	0.008132	0	0.206497	0.024248	0.206497	0.024248	0	0.940391	0.004356	0.000493	0.026942	0.000780	2	13
ARISA_419.5	ARISA_676.9	0.537049	0.537049	0.537049	1	1	112	0	0.000000	0.429460	0.000001	0.429460	0.000001	0	0.361414	0.000054	0.384435	0.000017	1	0.000002	0.000004	0.000000	0.000179	0.000003	2	14
ARISA_419.5	ARISA_679.4	-0.210156	-0.210156	-0.210156	7	6	113	1	0.241569	-0.086946	0.347096	-0.136673	0.140002	1	-0.138130	0.134105	-0.138130	0.134105	0	0.497349	0.068959	0.003916	0.099747	0.002980	2	15
ARISA_419.5	ARISA_682.4	0.211021	0.211021	0.211021	3	2	111	1	0.235844	0.115330	0.211669	0.189139	0.040242	1	0.045289	0.624783	0.201681	0.028520	1	0.490369	0.050055	0.001563	0.308958	0.000897	2	16
ARISA_419.5	ARISA_686.9	-0.360395	-0.360395	-0.360395	1	1	114	0	0.001019	-0.449408	0.000000	-0.449408	0.000000	0	-0.431734	0.000001	-0.434813	0.000001	1	0.006687	0.000002	0.000000	0.000007	0.000000	2	17
ARISA_419.5	ARISA_689.8	-0.202766	-0.202766	-0.202766	38	39	60	-1	0.291083	0.060351	0.514401	0.125899	0.174316	1	0.002188	0.981156	0.044554	0.631890	1	0.576674	0.089203	0.004557	0.422507	0.010225	2	18
ARISA_419.5	ARISA_729.4	0.572255	0.572255	0.572255	2	1	114	1	0.000000	0.381326	0.000019	0.442983	0.000001	1	0.390205	0.000012	0.472915	0.000000	1	0.000001	0.000030	0.000000	0.000049	0.000000	2	19
ARISA_419.5	ARISA_828.8	0.355538	0.355538	0.355538	1	1	107	0	0.001253	0.180688	0.049243	0.180688	0.049243	0	0.224529	0.014093	0.224529	0.014093	0	0.007518	0.016255	0.001745	0.018382	0.000580	2	20
ARISA_419.5	ARISA_831.8	0.397657	0.397657	0.397657	3	2	111	1	0.000171	0.199680	0.029463	0.223134	0.015150	1	0.234366	0.010303	0.250800	0.006157	1	0.001632	0.011332	0.000773	0.013840	0.000321	2	21
ARISA_421.5	ARISA_435.5	-0.104855	-0.104855	-0.104855	5	6	69	-1	0.996183	0.013322	0.885663	-0.026757	0.773642	-1	-0.034120	0.712588	-0.034120	0.712588	0	1.000000	0.128357	0.014736	0.341132	0.011311	3	4
ARISA_421.5	ARISA_538.9	-0.165336	-0.165336	-0.165336	2	1	83	1	0.634317	-0.187337	0.041337	-0.221013	0.016169	1	-0.210560	0.021532	-0.256872	0.004986	1	1.000000	0.014941	0.000789	0.024845	0.000292	3	5
ARISA_421.5	ARISA_561.8	-0.202068	-0.202068	-0.202068	2	3	107	-1	0.297739	-0.101836	0.270444	-0.213992	0.019974	-1	-0.103227	0.263920	-0.182351	0.048114	-1	0.578937	0.058369	0.000934	0.162681	0.001359	3	6
ARISA_421.5	ARISA_570.1	-0.310591	-0.310591	-0.310591	37	37	83	0	0.008364	-0.281146	0.001953	-0.281146	0.001953	0	-0.198192	0.030720	-0.220679	0.016334	-1	0.037370	0.001309	0.000161	0.031779	0.000612	3	7
ARISA_421.5	ARISA_573.6	-0.184549	-0.184549	-0.184549	43	43	67	0	0.443085	-0.123200	0.181923	-0.123200	0.181923	0	-0.101690	0.271134	-0.101690	0.271134	0	0.802136	0.045076	0.004725	0.162681	0.005071	3	8
ARISA_421.5	ARISA_594.1	-0.324081	-0.324081	-0.324081	6	6	87	0	0.004794	-0.315071	0.000483	-0.315071	0.000483	0	-0.276512	0.002334	-0.276512	0.002334	0	0.022880	0.000426	0.000055	0.005250	0.000169	3	9
ARISA_421.5	ARISA_662	-0.127448	-0.127448	-0.127448	4	5	92	-1	0.942930	-0.057462	0.534774	-0.151170	0.102249	-1	-0.076173	0.410297	-0.174102	0.059359	-1	1.000000	0.091453	0.003122	0.229022	0.001596	3	10
ARISA_421.5	ARISA_666.4	-0.075798	-0.075798	-0.075798	76	77	43	-1	0.999999	-0.027006	0.770639	-0.088543	0.340357	1	-0.057849	0.532020	-0.123851	0.181484	-1	1.000000	0.115021	0.007203	0.276774	0.003711	3	11
ARISA_421.5	ARISA_667.6	0.149585	0.149585	0.149585	1	2	94	-1	0.787763	0.105599	0.253045	0.105599	0.253045	0	0.054861	0.553457	0.058008	0.532664	-1	1.000000	0.055995	0.005934	0.281713	0.008834	3	12
ARISA_421.5	ARISA_670.5	0.133612	0.133612	0.133612	1	1	87	0	0.908449	0.156518	0.089154	0.156518	0.089154	0	0.164692	0.073476	0.164692	0.073476	0	1.000000	0.026222	0.002808	0.068884	0.001913	3	13
ARISA_421.5	ARISA_676.9	0.345203	0.345203	0.345203	1	1	102	0	0.001958	0.346425	0.000114	0.346425	0.000114	0	0.353461	0.000080	0.353461	0.000080	0	0.010278	0.000136	0.000018	0.000258	0.000010	3	14
ARISA_421.5	ARISA_679.4	-0.181449	-0.181449	-0.181449	44	45	75	-1	0.468981	0.010361	0.910952	-0.093193	0.315499	-1	-0.002777	0.976085	-0.083173	0.370560	-1	0.827614	0.131387	0.006749	0.422345	0.006535	3	15
ARISA_421.5	ARISA_682.4	0.130258	0.130258	0.130258	2	2	91	0	0.929342	0.133569	0.147565	0.133569	0.147565	0	0.108695	0.239315	0.144041	0.119671	1	1.000000	0.039526	0.004099	0.151679	0.002770	3	16
ARISA_421.5	ARISA_686.9	-0.257002	-0.257002	-0.257002	1	1	119	0	0.060078	-0.436522	0.000001	-0.436522	0.000001	0	-0.448744	0.000000	-0.448744	0.000000	0	0.172826	0.000003	0.000000	0.000003	0.000000	3	17
ARISA_421.5	ARISA_689.8	-0.153427	-0.153427	-0.153427	47	47	73	0	0.753487	-0.089933	0.330719	-0.104308	0.260980	-1	-0.154562	0.093273	-0.154562	0.093273	0	1.000000	0.067494	0.006000	0.080063	0.002289	3	18
ARISA_421.5	ARISA_729.4	0.237128	0.237128	0.237128	2	1	107	1	0.110801	0.238974	0.008860	0.238974	0.008860	0	0.268528	0.003149	0.268528	0.003149	0	0.277003	0.004505	0.000521	0.006161	0.000206	3	19
ARISA_421.5	ARISA_828.8	0.208274	0.208274	0.208274	1	1	60	0	0.253327	0.099517	0.281561	0.099517	0.281561	0	0.130090	0.158500	0.130090	0.158500	0	0.516493	0.059485	0.006232	0.112087	0.003394	3	20
ARISA_421.5	ARISA_831.8	0.270249	0.270249	0.270249	2	2	118	0	0.037650	0.207125	0.023810	0.207125	0.023810	0	0.234397	0.010293	0.234397	0.010293	0	0.121639	0.010204	0.001047	0.013840	0.000451	3	21
ARISA_435.5	ARISA_538.9	0.143665	0.143665	0.143665	7	7	113	0	0.835590	0.188848	0.039696	0.188848	0.039696	0	0.177425	0.053558	0.177425	0.053558	0	1.000000	0.014702	0.001557	0.052393	0.001475	4	5
ARISA_435.5	ARISA_561.8	0.237464	0.237464	0.237464	21	21	93	0	0.110801	0.186120	0.042698	0.186120	0.042698	0	0.220100	0.016162	0.220100	0.016162	0	0.277003	0.015070	0.001611	0.020202	0.000612	4	6
ARISA_435.5	ARISA_570.1	0.232366	0.232366	0.232366	19	18	63	1	0.130716	0.093480	0.311923	0.162996	0.077808	1	0.063125	0.495221	-0.103164	0.266275	-1	0.305004	0.064536	0.002530	0.262176	0.005043	4	7
ARISA_435.5	ARISA_573.6	0.226204	0.226204	0.226204	17	16	97	1	0.153514	0.049833	0.590433	0.182801	0.047555	1	-0.076436	0.408676	-0.076436	0.408676	0	0.342957	0.097862	0.001714	0.229022	0.007132	4	8
ARISA_435.5	ARISA_594.1	0.285187	0.285187	0.285187	7	8	99	-1	0.022283	0.201841	0.027715	0.222394	0.015499	-1	0.222303	0.015102	0.222303	0.015102	0	0.084896	0.011039	0.000775	0.019143	0.000582	4	9
ARISA_435.5	ARISA_662	0.154369	0.154369	0.154369	6	6	110	0	0.744677	0.251738	0.005749	0.251738	0.005749	0	0.172524	0.060622	0.198675	0.031026	1	1.000000	0.003317	0.000383	0.058667	0.000949	4	10
ARISA_435.5	ARISA_666.4	0.133993	0.133993	0.133993	16	16	60	0	0.908449	0.148578	0.106820	0.148578	0.106820	0	0.010312	0.911370	-0.073106	0.431436	1	1.000000	0.030520	0.003237	0.406056	0.007300	4	11
ARISA_435.5	ARISA_667.6	0.083751	0.083751	0.083751	47	47	34	0	0.999980	-0.052966	0.567256	-0.081640	0.379475	-1	-0.078676	0.395038	-0.117217	0.206190	-1	1.000000	0.095071	0.007865	0.223606	0.004067	4	12
ARISA_435.5	ARISA_670.5	-0.094014	-0.094014	-0.094014	22	21	94	1	0.999493	-0.023114	0.802961	-0.127890	0.167546	1	-0.212114	0.020564	-0.212114	0.020564	0	1.000000	0.118082	0.004438	0.024352	0.000729	4	13
ARISA_435.5	ARISA_676.9	-0.348903	-0.348903	-0.348903	1	1	112	0	0.001667	-0.367324	0.000040	-0.367324	0.000040	0	-0.469335	0.000000	-0.469335	0.000000	0	0.009211	0.000057	0.000008	0.000001	0.000000	4	14
ARISA_435.5	ARISA_679.4	-0.178678	-0.178678	-0.178678	6	7	100	-1	0.495518	-0.123890	0.179469	-0.143399	0.121346	-1	-0.142729	0.121503	-0.177052	0.055112	-1	0.852941	0.044867	0.003517	0.094184	0.001506	4	15
ARISA_435.5	ARISA_682.4	-0.174887	-0.174887	-0.174887	1	2	115	-1	0.531745	-0.072395	0.433961	-0.213797	0.020091	-1	-0.149456	0.104742	-0.216829	0.018353	-1	0.900536	0.080862	0.000934	0.085698	0.000665	4	16
ARISA_435.5	ARISA_686.9	0.211560	0.211560	0.211560	1	1	114	0	0.230221	0.331455	0.000231	0.331455	0.000231	0	0.274481	0.002521	0.274481	0.002521	0	0.483463	0.000224	0.000029	0.005336	0.000175	4	17
ARISA_435.5	ARISA_689.8	-0.180547	-0.180547	-0.180547	20	19	89	1	0.477760	-0.030476	0.742143	-0.148010	0.109709	1	-0.140411	0.127736	-0.140411	0.127736	0	0.836079	0.112611	0.003297	0.095906	0.002900	4	18
ARISA_435.5	ARISA_729.4	-0.471287	-0.471287	-0.471287	1	1	114	0	0.000003	-0.471384	0.000000	-0.471384	0.000000	0	-0.463435	0.000000	-0.463435	0.000000	0	0.000077	0.000001	0.000000	0.000001	0.000000	4	19
ARISA_435.5	ARISA_828.8	-0.236631	-0.236631	-0.236631	10	10	98	0	0.113931	-0.147077	0.110448	-0.147077	0.110448	0	-0.250828	0.005933	-0.250828	0.005933	0	0.278204	0.031259	0.003297	0.010127	0.000320	4	20
ARISA_435.5	ARISA_831.8	-0.245110	-0.245110	-0.245110	1	2	100	-1	0.088286	-0.046908	0.612449	-0.165421	0.073429	-1	-0.065086	0.481895	-0.226459	0.013666	-1	0.240779	0.100401	0.002408	0.258158	0.000569	4	21
ARISA_538.9	ARISA_561.8	0.163312	0.163312	0.163312	17	16	103	1	0.653072	0.175151	0.056746	0.176792	0.055476	1	0.254537	0.005214	0.254537	0.005214	0	1.000000	0.018305	0.001913	0.009453	0.000292	5	6
ARISA_538.9	ARISA_570.1	0.381565	0.381565	0.381565	1	1	119	0	0.000382	0.414875	0.000003	0.414875	0.000003	0	0.408189	0.000004	0.408189	0.000004	0	0.002970	0.000006	0.000001	0.000022	0.000001	5	7
ARISA_538.9	ARISA_573.6	0.218063	0.218063	0.218063	43	43	77	0	0.193657	0.168512	0.066957	0.201620	0.028570	-1	0.148164	0.107811	0.232244	0.011385	-1	0.423624	0.021144	0.001178	0.086634	0.000487	5	8
ARISA_538.9	ARISA_594.1	0.257146	0.257146	0.257146	59	59	60	0	0.058279	0.220899	0.015770	0.220899	0.015770	0	0.115840	0.209639	0.121358	0.190500	-1	0.169981	0.007631	0.000779	0.135737	0.003798	5	9
ARISA_538.9	ARISA_662	0.112188	0.112188	0.112188	7	7	95	0	0.988666	0.157589	0.086960	0.157589	0.086960	0	0.153771	0.094982	0.167589	0.069684	-1	1.000000	0.025830	0.002761	0.080063	0.001843	5	10
ARISA_538.9	ARISA_666.4	0.179923	0.179923	0.179923	19	19	99	0	0.486606	0.280430	0.002008	0.280430	0.002008	0	0.245674	0.007079	0.245674	0.007079	0	0.844523	0.001309	0.000161	0.010799	0.000352	5	11
ARISA_538.9	ARISA_667.6	0.101265	0.101265	0.101265	62	62	56	0	0.998014	0.031968	0.729993	0.119926	0.195827	-1	0.008427	0.927522	-0.102202	0.270779	1	1.000000	0.112611	0.004989	0.409201	0.005071	5	12
ARISA_538.9	ARISA_670.5	0.097615	0.097615	0.097615	30	30	88	0	0.999054	0.175385	0.056411	0.175385	0.056411	0	0.154499	0.093410	0.154499	0.093410	0	1.000000	0.018305	0.001929	0.080063	0.002289	5	13
ARISA_538.9	ARISA_676.9	-0.227598	-0.227598	-0.227598	1	1	119	0	0.149503	-0.287073	0.001548	-0.287073	0.001548	0	-0.269490	0.003039	-0.269490	0.003039	0	0.337588	0.001133	0.000138	0.006077	0.000203	5	14
ARISA_538.9	ARISA_679.4	-0.143515	-0.143515	-0.143515	39	39	67	0	0.835590	-0.101041	0.274223	-0.101041	0.274223	0	-0.059253	0.522096	-0.059253	0.522096	0	1.000000	0.058677	0.006197	0.274787	0.008745	5	15
ARISA_538.9	ARISA_682.4	-0.163475	-0.163475	-0.163475	1	2	114	-1	0.653072	-0.038927	0.674254	-0.238683	0.009244	-1	-0.075447	0.414784	-0.178649	0.052921	-1	1.000000	0.108169	0.000536	0.229022	0.001470	5	16
ARISA_538.9	ARISA_686.9	0.214996	0.214996	0.214996	1	1	117	0	0.208734	0.383034	0.000017	0.383034	0.000017	0	0.447836	0.000000	0.447836	0.000000	0	0.447287	0.000029	0.000004	0.000003	0.000000	5	17
ARISA_538.9	ARISA_689.8	-0.098196	-0.098196	-0.098196	38	37	67	1	0.998851	0.048283	0.602052	0.048283	0.602052	0	0.075694	0.413252	0.100101	0.280808	-1	1.000000	0.099239	0.011747	0.229022	0.005200	5	18
ARISA_538.9	ARISA_729.4	-0.234946	-0.234946	-0.234946	1	1	119	0	0.120414	-0.295161	0.001119	-0.297688	0.001061	-1	-0.273645	0.002601	-0.273645	0.002601	0	0.287352	0.000883	0.000106	0.005336	0.000177	5	19
ARISA_538.9	ARISA_828.8	0.265868	0.265868	0.265868	5	4	109	1	0.044114	0.071441	0.440060	0.227747	0.013127	1	0.013879	0.880915	0.245091	0.007474	1	0.140364	0.081493	0.000700	0.396412	0.000361	5	20
ARISA_538.9	ARISA_831.8	-0.202389	-0.202389	-0.202389	1	2	118	-1	0.291083	-0.097921	0.289389	-0.205111	0.025874	-1	-0.156782	0.088608	-0.229637	0.012368	-1	0.576674	0.060711	0.001125	0.080063	0.000522	5	21
ARISA_561.8	ARISA_570.1	0.380574	0.380574	0.380574	3	3	109	0	0.000399	0.311682	0.000559	0.311682	0.000559	0	0.244196	0.007442	0.244196	0.007442	0	0.002992	0.000480	0.000060	0.011163	0.000361	6	7
ARISA_561.8	ARISA_573.6	0.397961	0.397961	0.397961	5	6	107	-1	0.000171	0.302837	0.000815	0.313247	0.000553	-1	0.192124	0.036327	0.256336	0.005081	-1	0.001632	0.000679	0.000060	0.036735	0.000292	6	8
ARISA_561.8	ARISA_594.1	0.316360	0.316360	0.316360	15	15	94	0	0.006712	0.212972	0.020047	0.212972	0.020047	0	0.260252	0.004257	0.260252	0.004257	0	0.030642	0.009112	0.000934	0.007982	0.000263	6	9
ARISA_561.8	ARISA_662	0.113794	0.113794	0.113794	4	5	92	-1	0.985682	0.114057	0.216787	0.132391	0.152969	-1	0.052788	0.568562	0.152842	0.098467	-1	1.000000	0.050809	0.004191	0.287475	0.002361	6	10
ARISA_561.8	ARISA_666.4	0.123562	0.123562	0.123562	6	7	111	-1	0.958292	-0.121449	0.188261	0.129436	0.162429	-1	0.027145	0.769487	0.156068	0.091479	-1	1.000000	0.045917	0.004331	0.364494	0.002276	6	11
ARISA_561.8	ARISA_667.6	-0.116946	-0.116946	-0.116946	24	24	70	0	0.978028	-0.075046	0.417277	-0.075046	0.417277	0	-0.083444	0.366932	-0.083444	0.366932	0	1.000000	0.078239	0.008516	0.211692	0.006506	6	12
ARISA_561.8	ARISA_670.5	-0.158703	-0.158703	-0.158703	3	2	87	1	0.699509	-0.077145	0.404332	-0.264396	0.003814	1	-0.017919	0.846626	-0.188498	0.040936	1	1.000000	0.076289	0.000282	0.390751	0.001205	6	13
ARISA_561.8	ARISA_676.9	-0.446687	-0.446687	-0.446687	3	3	117	0	0.000013	-0.427206	0.000001	-0.427206	0.000001	0	-0.463574	0.000000	-0.463574	0.000000	0	0.000201	0.000004	0.000000	0.000001	0.000000	6	14
ARISA_561.8	ARISA_679.4	-0.171692	-0.171692	-0.171692	26	25	94	1	0.568713	-0.061416	0.506998	-0.087132	0.348138	1	-0.104601	0.257581	-0.104601	0.257581	0	0.940391	0.088430	0.007329	0.160988	0.004935	6	15
ARISA_561.8	ARISA_682.4	-0.283560	-0.283560	-0.283560	3	3	117	0	0.023827	-0.317648	0.000431	-0.317648	0.000431	0	-0.273569	0.002609	-0.341369	0.000155	1	0.086222	0.000392	0.000051	0.005336	0.000017	6	16
ARISA_561.8	ARISA_686.9	0.164795	0.164795	0.164795	3	3	111	0	0.634317	0.183743	0.045467	0.183743	0.045467	0	0.209286	0.022354	0.210047	0.022434	-1	1.000000	0.015500	0.001673	0.025467	0.000753	6	17
ARISA_561.8	ARISA_689.8	0.187804	0.187804	0.187804	35	36	64	-1	0.409679	0.109176	0.237233	0.109176	0.237233	0	0.121501	0.188070	0.121501	0.188070	0	0.754672	0.054328	0.005716	0.127597	0.003798	6	18
ARISA_561.8	ARISA_729.4	-0.343655	-0.343655	-0.343655	3	3	111	0	0.002121	-0.324874	0.000312	-0.324874	0.000312	0	-0.335071	0.000195	-0.335071	0.000195	0	0.010861	0.000293	0.000038	0.000586	0.000021	6	19
ARISA_561.8	ARISA_828.8	0.276604	0.276604	0.276604	6	7	93	-1	0.030027	-0.155653	0.090956	-0.155653	0.090956	0	-0.129400	0.160737	-0.129400	0.160737	0	0.101705	0.026492	0.002842	0.112142	0.003394	6	20
ARISA_561.8	ARISA_831.8	-0.385369	-0.385369	-0.385369	3	3	98	0	0.000320	-0.271535	0.002816	-0.271535	0.002816	0	-0.279648	0.002069	-0.279648	0.002069	0	0.002690	0.001797	0.000217	0.004901	0.000157	6	21
ARISA_570.1	ARISA_573.6	0.564846	0.564846	0.564846	13	14	106	-1	0.000000	0.418789	0.000002	0.420380	0.000002	-1	0.511791	0.000000	0.511791	0.000000	0	0.000001	0.000005	0.000001	0.000000	0.000000	7	8
ARISA_570.1	ARISA_594.1	0.310856	0.310856	0.310856	38	39	46	-1	0.008364	0.087652	0.343180	0.171986	0.062566	1	-0.056404	0.542339	0.073263	0.430446	1	0.037370	0.068959	0.002103	0.278917	0.007300	7	9
ARISA_570.1	ARISA_662	0.294596	0.294596	0.294596	6	6	107	0	0.015844	0.377272	0.000023	0.377272	0.000023	0	0.376146	0.000025	0.376146	0.000025	0	0.062777	0.000035	0.000005	0.000102	0.000004	7	10
ARISA_570.1	ARISA_666.4	0.129516	0.129516	0.129516	17	18	85	-1	0.934071	0.139077	0.131432	0.139077	0.131432	0	0.145720	0.113813	0.145720	0.113813	0	1.000000	0.036174	0.003755	0.089852	0.002678	7	11
ARISA_570.1	ARISA_667.6	0.117236	0.117236	0.117236	3	3	83	0	0.978028	0.087167	0.345866	0.117466	0.205222	-1	0.140360	0.127875	0.140360	0.127875	0	1.000000	0.068959	0.005163	0.095906	0.002900	7	12
ARISA_570.1	ARISA_670.5	-0.120986	-0.120986	-0.120986	39	38	57	1	0.967816	0.044804	0.628504	0.076663	0.409301	-1	0.024672	0.789977	0.040514	0.663139	-1	1.000000	0.101372	0.008396	0.372241	0.010627	7	13
ARISA_570.1	ARISA_676.9	-0.261529	-0.261529	-0.261529	1	1	119	0	0.051551	-0.222136	0.015180	-0.222136	0.015180	0	-0.238658	0.008953	-0.238658	0.008953	0	0.152474	0.007465	0.000773	0.012726	0.000420	7	14
ARISA_570.1	ARISA_679.4	0.358574	0.358574	0.358574	5	4	81	1	0.001107	0.216387	0.018095	0.236353	0.009974	1	0.168200	0.067471	0.184614	0.045359	1	0.007045	0.008482	0.000556	0.063920	0.001292	7	15
ARISA_570.1	ARISA_682.4	-0.256248	-0.256248	-0.256248	7	6	87	1	0.060078	-0.080958	0.381433	-0.246096	0.007225	1	-0.146858	0.110987	-0.308762	0.000669	1	0.172826	0.072534	0.000452	0.088397	0.000062	7	16
ARISA_570.1	ARISA_686.9	0.174286	0.174286	0.174286	1	1	99	0	0.540928	0.200803	0.028543	0.210995	0.021820	1	0.154345	0.093740	0.179096	0.052320	1	0.908759	0.011121	0.000991	0.080063	0.001466	7	17
ARISA_570.1	ARISA_689.8	0.263377	0.263377	0.263377	25	25	95	0	0.048452	0.145705	0.113849	0.145705	0.113849	0	0.152909	0.096873	0.152909	0.096873	0	0.145356	0.031625	0.003349	0.080063	0.002342	7	18
ARISA_570.1	ARISA_729.4	-0.297703	-0.297703	-0.297703	1	2	118	-1	0.013785	-0.118817	0.198086	-0.253115	0.005684	-1	-0.116015	0.208949	-0.208786	0.023273	-1	0.055669	0.047924	0.000383	0.135737	0.000762	7	19
ARISA_570.1	ARISA_828.8	-0.265103	-0.265103	-0.265103	25	25	56	0	0.045520	-0.068455	0.459455	-0.068455	0.459455	0	-0.120947	0.190105	-0.120947	0.190105	0	0.140577	0.083599	0.009329	0.127597	0.003798	7	20
ARISA_570.1	ARISA_831.8	-0.302892	-0.302892	-0.302892	23	23	97	0	0.011557	-0.163605	0.075423	-0.180138	0.050942	-1	-0.133844	0.146726	-0.223189	0.015125	-1	0.047589	0.022856	0.001787	0.105643	0.000582	7	21
ARISA_573.6	ARISA_594.1	0.252168	0.252168	0.252168	58	59	26	-1	0.069822	0.145943	0.113254	0.145943	0.113254	0	0.120599	0.191395	0.120599	0.191395	0	0.195502	0.031625	0.003349	0.127597	0.003798	8	9
ARISA_573.6	ARISA_662	0.192218	0.192218	0.192218	8	9	102	-1	0.369920	0.110133	0.233120	0.222884	0.015268	-1	0.141830	0.123892	0.211734	0.021352	-1	0.693600	0.053797	0.000773	0.094494	0.000735	8	10
ARISA_573.6	ARISA_666.4	0.112581	0.112581	0.112581	18	18	89	0	0.987239	0.100714	0.275784	0.100714	0.275784	0	0.118510	0.199255	0.127809	0.167820	-1	1.000000	0.058677	0.006197	0.131860	0.003496	8	11
ARISA_573.6	ARISA_667.6	0.109670	0.109670	0.109670	7	6	104	1	0.991155	-0.059344	0.521461	0.089344	0.335989	1	-0.020285	0.826673	0.095506	0.303585	1	1.000000	0.089907	0.007149	0.384456	0.005591	8	12
ARISA_573.6	ARISA_670.5	0.069742	0.069742	0.069742	16	16	91	0	1.000000	0.033180	0.720169	0.033180	0.720169	0	0.037187	0.688034	0.166878	0.070896	1	1.000000	0.112611	0.013783	0.334719	0.001861	8	13
ARISA_573.6	ARISA_676.9	-0.235576	-0.235576	-0.235576	43	42	70	1	0.117135	-0.105422	0.253843	-0.184095	0.045979	1	-0.115039	0.212831	-0.146235	0.114082	1	0.282740	0.055995	0.001673	0.136820	0.002678	8	14
ARISA_573.6	ARISA_679.4	0.274422	0.274422	0.274422	7	6	107	1	0.033105	0.088857	0.336559	0.212655	0.020781	1	0.054781	0.554036	0.160222	0.083070	-1	0.110350	0.068221	0.000955	0.281713	0.002130	8	15
ARISA_573.6	ARISA_682.4	-0.347372	-0.347372	-0.347372	8	8	112	0	0.001807	-0.340261	0.000153	-0.340261	0.000153	0	-0.280449	0.002006	-0.280449	0.002006	0	0.009728	0.000162	0.000021	0.004880	0.000157	8	16
ARISA_573.6	ARISA_686.9	0.167458	0.167458	0.167458	43	44	70	-1	0.606139	0.068404	0.459794	0.200513	0.029473	-1	0.013930	0.880477	0.128173	0.166600	-1	0.986738	0.083599	0.001191	0.396412	0.003493	8	17
ARISA_573.6	ARISA_689.8	0.284423	0.284423	0.284423	24	24	83	0	0.023043	0.180639	0.049305	0.180639	0.049305	0	0.277802	0.002221	0.277802	0.002221	0	0.084896	0.016255	0.001745	0.005126	0.000165	8	18
ARISA_573.6	ARISA_729.4	-0.374999	-0.374999	-0.374999	2	1	111	1	0.000518	-0.213191	0.019916	-0.312295	0.000576	1	-0.142702	0.121573	-0.211269	0.021646	1	0.003748	0.009112	0.000061	0.094184	0.000736	8	19
ARISA_573.6	ARISA_828.8	-0.204936	-0.204936	-0.204936	23	23	40	0	0.271738	-0.023742	0.797721	-0.062089	0.504181	1	-0.034700	0.707918	-0.045923	0.621444	1	0.548703	0.118082	0.010041	0.340709	0.010105	8	20
ARISA_573.6	ARISA_831.8	-0.436738	-0.436738	-0.436738	24	24	96	0	0.000023	-0.280891	0.001972	-0.280891	0.001972	0	-0.201701	0.027826	-0.223555	0.014955	-1	0.000325	0.001309	0.000161	0.030173	0.000582	8	21
ARISA_594.1	ARISA_662	0.132590	0.132590	0.132590	59	59	30	0	0.913968	0.083987	0.363814	0.103585	0.264314	1	0.021888	0.813221	0.109510	0.237810	-1	1.000000	0.070873	0.006033	0.381197	0.004609	9	10
ARISA_594.1	ARISA_666.4	0.094833	0.094833	0.094833	57	56	61	1	0.999493	0.031551	0.733379	0.105568	0.255230	1	0.036278	0.695282	0.058563	0.528740	-1	1.000000	0.112611	0.005934	0.336427	0.008812	9	11
ARISA_594.1	ARISA_667.6	-0.231846	-0.231846	-0.231846	6	6	87	0	0.130716	-0.201537	0.027955	-0.201537	0.027955	0	-0.243369	0.007652	-0.243369	0.007652	0	0.305004	0.011039	0.001165	0.011290	0.000364	9	12
ARISA_594.1	ARISA_670.5	-0.115112	-0.115112	-0.115112	27	27	59	0	0.982152	-0.082970	0.369669	0.100146	0.280588	1	-0.106759	0.247840	-0.106759	0.247840	0	1.000000	0.071549	0.006232	0.155983	0.004775	9	13
ARISA_594.1	ARISA_676.9	-0.361022	-0.361022	-0.361022	15	14	92	1	0.000977	-0.258605	0.004515	-0.278352	0.002273	1	-0.249742	0.006160	-0.282582	0.001933	1	0.006622	0.002656	0.000178	0.010127	0.000157	9	14
ARISA_594.1	ARISA_679.4	-0.282784	-0.282784	-0.282784	11	10	100	1	0.024635	-0.203232	0.026638	-0.226094	0.013823	1	-0.238030	0.009140	-0.238030	0.009140	0	0.086222	0.011039	0.000728	0.012726	0.000420	9	15
ARISA_594.1	ARISA_682.4	-0.227996	-0.227996	-0.227996	40	40	67	0	0.145579	-0.195428	0.033176	-0.195428	0.033176	0	-0.187466	0.041194	-0.187466	0.041194	0	0.332299	0.012598	0.001327	0.041194	0.001205	9	16
ARISA_594.1	ARISA_686.9	0.161271	0.161271	0.161271	8	8	105	0	0.671749	0.207384	0.023631	0.207384	0.023631	0	0.237860	0.009191	0.237860	0.009191	0	1.000000	0.010204	0.001047	0.012726	0.000420	9	17
ARISA_594.1	ARISA_689.8	0.241654	0.241654	0.241654	6	7	112	-1	0.096222	0.029308	0.751694	0.204512	0.026320	-1	0.102587	0.266910	0.207252	0.024330	-1	0.252582	0.113321	0.001132	0.162681	0.000780	9	18
ARISA_594.1	ARISA_729.4	-0.381810	-0.381810	-0.381810	8	8	99	0	0.000365	-0.290597	0.001346	-0.290597	0.001346	0	-0.200966	0.028412	-0.220152	0.016599	1	0.002952	0.001009	0.000125	0.030341	0.000615	9	19
ARISA_594.1	ARISA_828.8	0.263643	0.263643	0.263643	45	44	40	1	0.046966	-0.031020	0.737703	0.110104	0.235262	1	-0.057008	0.538010	-0.089739	0.333851	-1	0.142939	0.112611	0.005703	0.278281	0.006015	9	20
ARISA_594.1	ARISA_831.8	-0.462376	-0.462376	-0.462376	8	9	101	-1	0.000006	-0.238127	0.009111	-0.307531	0.000705	-1	-0.196699	0.032027	-0.236649	0.009878	-1	0.000107	0.004555	0.000072	0.032754	0.000439	9	21
ARISA_662	ARISA_666.4	0.096365	0.096365	0.096365	2	2	64	0	0.999227	0.112103	0.224817	0.112103	0.224817	0	0.152867	0.096965	0.152867	0.096965	0	1.000000	0.052283	0.005521	0.080063	0.002342	10	11
ARISA_662	ARISA_667.6	-0.060783	-0.060783	-0.060783	37	38	82	-1	1.000000	-0.102897	0.265459	-0.102897	0.265459	0	-0.102219	0.268634	-0.144214	0.119224	-1	1.000000	0.058130	0.006033	0.162681	0.002770	10	12
ARISA_662	ARISA_670.5	0.090191	0.090191	0.090191	7	7	60	0	0.999846	0.165024	0.072890	0.165024	0.072890	0	0.049467	0.593168	-0.200476	0.029504	1	1.000000	0.022313	0.002408	0.298241	0.000919	10	13
ARISA_662	ARISA_676.9	-0.082151	-0.082151	-0.082151	10	11	109	-1	0.999986	-0.030776	0.739689	-0.093618	0.313290	-1	-0.005494	0.952710	-0.075006	0.419530	-1	1.000000	0.112611	0.006737	0.416233	0.007282	10	14
ARISA_662	ARISA_679.4	0.137507	0.137507	0.137507	2	2	114	0	0.884457	0.187597	0.041051	0.187597	0.041051	0	0.223550	0.014529	0.223550	0.014529	0	1.000000	0.014941	0.001579	0.018680	0.000582	10	15
ARISA_662	ARISA_682.4	0.110406	0.110406	0.110406	24	24	81	0	0.991155	0.165351	0.072317	-0.184077	0.046001	1	0.215980	0.018319	0.215980	0.018319	0	1.000000	0.022313	0.001673	0.022280	0.000665	10	16
ARISA_662	ARISA_686.9	0.139016	0.139016	0.139016	9	9	107	0	0.871349	0.269007	0.003094	0.269007	0.003094	0	0.294897	0.001131	0.294897	0.001131	0	1.000000	0.001934	0.000233	0.002994	0.000102	10	17
ARISA_662	ARISA_689.8	0.118968	0.118968	0.118968	36	36	77	0	0.973263	0.065778	0.477242	-0.099342	0.284486	-1	-0.004457	0.961627	-0.139761	0.131185	-1	1.000000	0.084717	0.006232	0.418099	0.002954	10	18
ARISA_662	ARISA_729.4	-0.125113	-0.125113	-0.125113	7	8	107	-1	0.954743	-0.035444	0.701949	-0.130658	0.158466	-1	-0.085305	0.356307	-0.190329	0.038980	-1	1.000000	0.111420	0.004254	0.206888	0.001160	10	19
ARISA_662	ARISA_828.8	-0.139466	-0.139466	-0.139466	24	25	58	-1	0.871349	-0.023545	0.799367	-0.038480	0.679088	-1	-0.042258	0.648164	-0.042258	0.648164	0	1.000000	0.118082	0.013059	0.318769	0.010437	10	20
ARISA_662	ARISA_831.8	-0.142493	-0.142493	-0.142493	7	7	77	0	0.850384	-0.067295	0.467120	-0.067295	0.467120	0	-0.086615	0.348941	-0.086615	0.348941	0	1.000000	0.083914	0.009437	0.203927	0.006220	10	21
ARISA_666.4	ARISA_667.6	0.135610	0.135610	0.135610	61	61	59	0	0.896832	0.240950	0.008297	0.240950	0.008297	0	0.200665	0.028655	0.237910	0.009481	1	1.000000	0.004367	0.000495	0.030341	0.000427	11	12
ARISA_666.4	ARISA_670.5	0.176071	0.176071	0.176071	17	17	103	0	0.522609	0.433700	0.000001	0.433700	0.000001	0	0.401820	0.000006	0.401820	0.000006	0	0.892259	0.000003	0.000000	0.000028	0.000001	11	13
ARISA_666.4	ARISA_676.9	-0.119684	-0.119684	-0.119684	21	21	85	0	0.970627	-0.080859	0.382012	-0.114906	0.215337	-1	-0.046619	0.614639	-0.111868	0.227798	-1	1.000000	0.072534	0.005350	0.306411	0.004441	11	14
ARISA_666.4	ARISA_679.4	-0.080814	-0.080814	-0.080814	69	69	46	0	0.999993	0.055832	0.546441	0.099837	0.282082	-1	0.163961	0.074781	0.176440	0.055973	1	1.000000	0.092617	0.006232	0.069384	0.001517	11	15
ARISA_666.4	ARISA_682.4	0.115721	0.115721	0.115721	16	16	53	0	0.982152	0.132339	0.151366	0.132339	0.151366	0	0.046410	0.616227	-0.054843	0.555291	-1	1.000000	0.039833	0.004176	0.306411	0.009163	11	16
ARISA_666.4	ARISA_686.9	0.186864	0.186864	0.186864	4	4	116	0	0.417903	0.433997	0.000001	0.433997	0.000001	0	0.550153	0.000000	0.550153	0.000000	0	0.763127	0.000003	0.000000	0.000000	0.000000	11	17
ARISA_666.4	ARISA_689.8	0.128768	0.128768	0.128768	36	36	84	0	0.938600	0.057216	0.536527	0.057216	0.536527	0	0.014694	0.873976	-0.036702	0.693155	-1	1.000000	0.091453	0.010572	0.396412	0.011055	11	18
ARISA_666.4	ARISA_729.4	-0.137452	-0.137452	-0.137452	5	5	114	0	0.884457	-0.202503	0.027198	-0.202503	0.027198	0	-0.207827	0.023328	-0.207827	0.023328	0	1.000000	0.011039	0.001157	0.026244	0.000762	11	19
ARISA_666.4	ARISA_828.8	0.124120	0.124120	0.124120	2	2	96	0	0.958292	0.115271	0.211901	0.115271	0.211901	0	0.135873	0.140645	0.135873	0.140645	0	1.000000	0.050055	0.005298	0.102911	0.003084	11	20
ARISA_666.4	ARISA_831.8	0.082403	0.082403	0.082403	10	10	61	0	0.999986	0.061766	0.504572	0.061766	0.504572	0	0.009625	0.917256	-0.073272	0.430392	1	1.000000	0.088430	0.010041	0.406665	0.007300	11	21
ARISA_667.6	ARISA_670.5	0.081456	0.081456	0.081456	32	32	88	0	0.999990	0.165341	0.072333	0.165341	0.072333	0	0.213115	0.019962	0.213115	0.019962	0	1.000000	0.022313	0.002408	0.023954	0.000715	12	13
ARISA_667.6	ARISA_676.9	0.146284	0.146284	0.146284	14	13	83	1	0.812280	0.092474	0.317178	0.105830	0.254047	-1	0.133088	0.149042	0.133088	0.149042	0	1.000000	0.065174	0.005934	0.106458	0.003226	12	14
ARISA_667.6	ARISA_679.4	0.214186	0.214186	0.214186	1	2	118	-1	0.213956	0.239291	0.008767	0.257098	0.004947	-1	0.324758	0.000314	0.324758	0.000314	0	0.453846	0.004505	0.000341	0.000883	0.000032	12	15
ARISA_667.6	ARISA_682.4	-0.192996	-0.192996	-0.192996	3	4	105	-1	0.362252	-0.182745	0.046673	-0.248571	0.006644	-1	-0.238561	0.008981	-0.290278	0.001430	-1	0.685341	0.015732	0.000422	0.012726	0.000125	12	16
ARISA_667.6	ARISA_686.9	-0.079810	-0.079810	-0.079810	12	12	51	0	0.999995	-0.018582	0.841024	0.047458	0.609827	-1	0.006221	0.946461	0.068908	0.458425	-1	1.000000	0.123077	0.011841	0.415520	0.007718	12	17
ARISA_667.6	ARISA_689.8	0.127320	0.127320	0.127320	18	18	102	0	0.942930	0.130425	0.157423	0.130425	0.157423	0	0.125378	0.174259	0.125378	0.174259	0	1.000000	0.040713	0.004254	0.120641	0.003608	12	18
ARISA_667.6	ARISA_729.4	0.141087	0.141087	0.141087	26	25	70	1	0.857540	-0.045870	0.620344	-0.145717	0.115382	-1	-0.058439	0.527843	-0.159381	0.084721	-1	1.000000	0.100596	0.003369	0.276197	0.002156	12	19
ARISA_667.6	ARISA_828.8	0.188770	0.188770	0.188770	1	2	61	-1	0.401543	0.105707	0.252554	0.105707	0.252554	0	0.115976	0.209101	0.137295	0.138193	1	0.746231	0.055995	0.005934	0.135737	0.003051	12	20
ARISA_667.6	ARISA_831.8	0.225754	0.225754	0.225754	12	12	69	0	0.157612	0.126251	0.171257	0.126251	0.171257	0	0.120646	0.191218	0.140987	0.127801	1	0.348405	0.043566	0.004507	0.127597	0.002900	12	21
ARISA_670.5	ARISA_676.9	0.124893	0.124893	0.124893	1	2	73	-1	0.954743	0.125382	0.174245	0.176873	0.055363	1	0.154316	0.093802	0.192632	0.036631	-1	1.000000	0.043927	0.001913	0.080063	0.001100	13	14
ARISA_670.5	ARISA_679.4	-0.094224	-0.094224	-0.094224	72	71	44	1	0.999493	0.015865	0.864029	-0.096942	0.296340	1	-0.040107	0.664966	-0.074673	0.421602	1	1.000000	0.125829	0.006442	0.325255	0.007282	13	15
ARISA_670.5	ARISA_682.4	0.134702	0.134702	0.134702	8	8	85	0	0.902736	0.259091	0.004437	0.259091	0.004437	0	0.148596	0.106778	0.148596	0.106778	0	1.000000	0.002656	0.000314	0.086576	0.002542	13	16
ARISA_670.5	ARISA_686.9	0.078542	0.078542	0.078542	35	35	85	0	0.999997	0.138017	0.134426	0.138017	0.134426	0	0.074026	0.423652	-0.124570	0.178943	-1	1.000000	0.036662	0.003788	0.232492	0.003682	13	17
ARISA_670.5	ARISA_689.8	0.246336	0.246336	0.246336	6	6	114	0	0.083313	0.424747	0.000001	0.424747	0.000001	0	0.403029	0.000006	0.403029	0.000006	0	0.230208	0.000004	0.000000	0.000028	0.000001	13	18
ARISA_670.5	ARISA_729.4	0.084309	0.084309	0.084309	2	1	114	1	0.999973	0.067578	0.465240	0.122294	0.187079	1	0.020042	0.828716	0.089290	0.336283	-1	1.000000	0.083914	0.004828	0.384456	0.006027	13	19
ARISA_670.5	ARISA_828.8	-0.080916	-0.080916	-0.080916	15	15	26	0	0.999993	0.050385	0.586317	0.050385	0.586317	0	0.103412	0.263062	0.103412	0.263062	0	1.000000	0.097719	0.011496	0.162681	0.005011	13	20
ARISA_670.5	ARISA_831.8	-0.099119	-0.099119	-0.099119	6	6	100	0	0.998613	-0.107377	0.245094	-0.107377	0.245094	0	-0.121960	0.186396	-0.121960	0.186396	0	1.000000	0.055703	0.005871	0.127597	0.003789	13	21
ARISA_676.9	ARISA_679.4	0.367603	0.367603	0.367603	1	1	119	0	0.000728	0.352401	0.000085	0.352401	0.000085	0	0.364338	0.000046	0.364338	0.000046	0	0.005099	0.000111	0.000015	0.000160	0.000006	14	15
ARISA_676.9	ARISA_682.4	0.197592	0.197592	0.197592	41	41	79	0	0.325395	0.209761	0.022045	0.209761	0.022045	0	0.275028	0.002469	0.275028	0.002469	0	0.626908	0.009726	0.000991	0.005336	0.000175	14	16
ARISA_676.9	ARISA_686.9	-0.244177	-0.244177	-0.244177	1	1	112	0	0.090866	-0.343694	0.000130	-0.343694	0.000130	0	-0.351609	0.000088	-0.351609	0.000088	0	0.241543	0.000150	0.000020	0.000274	0.000010	14	17
ARISA_676.9	ARISA_689.8	0.158744	0.158744	0.158744	18	18	29	0	0.699509	0.031791	0.731430	0.078281	0.399458	-1	-0.129808	0.159412	-0.129808	0.159412	0	1.000000	0.112611	0.008236	0.112087	0.003394	14	18
ARISA_676.9	ARISA_729.4	0.465547	0.465547	0.465547	1	1	112	0	0.000005	0.451142	0.000000	0.451142	0.000000	0	0.519253	0.000000	0.519253	0.000000	0	0.000095	0.000002	0.000000	0.000000	0.000000	14	19
ARISA_676.9	ARISA_828.8	0.420216	0.420216	0.420216	1	1	119	0	0.000056	0.291874	0.001278	0.291874	0.001278	0	0.373668	0.000028	0.373668	0.000028	0	0.000689	0.000983	0.000122	0.000111	0.000004	14	20
ARISA_676.9	ARISA_831.8	0.403020	0.403020	0.403020	2	2	93	0	0.000130	0.286043	0.001613	0.286043	0.001613	0	0.330648	0.000240	0.330648	0.000240	0	0.001299	0.001152	0.000140	0.000697	0.000025	14	21
ARISA_679.4	ARISA_682.4	-0.241313	-0.241313	-0.241313	4	5	81	-1	0.098999	-0.102057	0.269398	-0.237767	0.009525	1	-0.070759	0.444450	-0.186424	0.043250	1	0.256664	0.058369	0.000544	0.239524	0.001245	15	16
ARISA_679.4	ARISA_686.9	0.147648	0.147648	0.147648	4	4	116	0	0.804234	0.194953	0.033614	0.194953	0.033614	0	0.185581	0.043314	0.185581	0.043314	0	1.000000	0.012605	0.001331	0.042838	0.001245	15	17
ARISA_679.4	ARISA_689.8	-0.149301	-0.149301	-0.149301	53	53	62	0	0.787763	-0.094352	0.307407	-0.094352	0.307407	0	-0.254331	0.005252	-0.254331	0.005252	0	1.000000	0.064043	0.006647	0.009453	0.000292	15	18
ARISA_679.4	ARISA_729.4	0.173521	0.173521	0.173521	36	36	70	0	0.550153	0.027456	0.766923	-0.066496	0.474344	1	0.016476	0.858841	-0.094384	0.309330	1	0.916922	0.115021	0.009535	0.394366	0.005665	15	19
ARISA_679.4	ARISA_828.8	0.353220	0.353220	0.353220	1	2	108	-1	0.001417	0.131091	0.155294	0.233188	0.011046	-1	0.155560	0.091153	0.263495	0.003940	-1	0.008264	0.040512	0.000605	0.080063	0.000248	15	20
ARISA_679.4	ARISA_831.8	0.307630	0.307630	0.307630	11	12	98	-1	0.009324	0.066253	0.474054	0.201024	0.029053	-1	0.078920	0.393570	0.139458	0.132029	-1	0.039960	0.084653	0.001186	0.223606	0.002954	15	21
ARISA_682.4	ARISA_686.9	-0.146515	-0.146515	-0.146515	6	7	110	-1	0.812280	0.062530	0.499308	-0.236239	0.010011	-1	0.099593	0.281191	-0.211710	0.021367	-1	1.000000	0.088113	0.000556	0.167597	0.000735	16	17
ARISA_682.4	ARISA_689.8	0.153732	0.153732	0.153732	25	25	95	0	0.744677	0.085057	0.357708	0.085057	0.357708	0	0.110501	0.231554	0.162777	0.078212	1	1.000000	0.070139	0.007452	0.147800	0.002021	16	18
ARISA_682.4	ARISA_729.4	0.351945	0.351945	0.351945	2	2	111	0	0.001476	0.402948	0.000006	0.402948	0.000006	0	0.394145	0.000009	0.394145	0.000009	0	0.008376	0.000011	0.000001	0.000041	0.000001	16	19
ARISA_682.4	ARISA_828.8	-0.303841	-0.303841	-0.303841	6	7	64	-1	0.011154	-0.068983	0.455995	-0.139943	0.130677	-1	-0.091655	0.321504	-0.091655	0.321504	0	0.046846	0.083599	0.003755	0.189120	0.005824	16	20
ARISA_682.4	ARISA_831.8	0.165449	0.165449	0.165449	66	67	46	-1	0.634317	0.106251	0.250107	0.106251	0.250107	0	0.093218	0.313286	0.093218	0.313286	0	1.000000	0.055995	0.005934	0.185498	0.005706	16	21
ARISA_686.9	ARISA_689.8	-0.117873	-0.117873	-0.117873	14	13	101	1	0.975728	0.004438	0.961798	-0.111755	0.228269	1	-0.072257	0.434845	-0.101881	0.272295	1	1.000000	0.137400	0.005568	0.237188	0.005071	17	18
ARISA_686.9	ARISA_729.4	-0.277913	-0.277913	-0.277913	1	1	118	0	0.029060	-0.411102	0.000003	-0.411102	0.000003	0	-0.461791	0.000000	-0.461791	0.000000	0	0.100044	0.000007	0.000001	0.000001	0.000000	17	19
ARISA_686.9	ARISA_828.8	0.149693	0.149693	0.149693	61	62	38	-1	0.787763	-0.054137	0.558710	0.099209	0.285136	1	-0.063655	0.491601	0.129912	0.160876	1	1.000000	0.094165	0.006232	0.261800	0.003394	17	20
ARISA_686.9	ARISA_831.8	-0.160078	-0.160078	-0.160078	3	2	100	1	0.681042	-0.151410	0.100228	-0.151410	0.100228	0	-0.204170	0.025931	-0.204170	0.025931	0	1.000000	0.028912	0.003084	0.028461	0.000823	17	21
ARISA_689.8	ARISA_729.4	0.182908	0.182908	0.182908	19	19	20	0	0.451641	0.035476	0.701693	0.046071	0.620320	-1	-0.012999	0.888411	0.053746	0.563244	-1	0.810638	0.111420	0.011987	0.397796	0.009249	18	19
ARISA_689.8	ARISA_828.8	-0.328861	-0.328861	-0.328861	1	1	96	0	0.003963	-0.184598	0.044455	-0.184598	0.044455	0	-0.250709	0.005958	-0.250709	0.005958	0	0.019354	0.015329	0.001662	0.010127	0.000320	18	20
ARISA_689.8	ARISA_831.8	-0.233905	-0.233905	-0.233905	11	12	97	-1	0.123770	-0.136420	0.139037	-0.138588	0.134482	-1	-0.210800	0.021380	-0.210800	0.021380	0	0.292042	0.037578	0.003788	0.024845	0.000735	18	21
ARISA_729.4	ARISA_828.8	-0.197043	-0.197043	-0.197043	14	15	64	-1	0.332565	-0.046436	0.616031	-0.061042	0.511414	1	0.000349	0.996997	-0.048654	0.600837	1	0.634898	0.100440	0.010127	0.427284	0.009818	19	20
ARISA_729.4	ARISA_831.8	0.317134	0.317134	0.317134	38	39	74	-1	0.006468	0.185661	0.043222	0.232553	0.011273	-1	0.217957	0.017255	0.257361	0.004901	-1	0.030185	0.015078	0.000609	0.021273	0.000292	19	21
ARISA_828.8	ARISA_831.8	0.663881	0.663881	0.663881	2	2	73	0	0.000000	0.331857	0.000227	0.331857	0.000227	0	0.428194	0.000001	0.428194	0.000001	0	0.000000	0.000224	0.000029	0.000008	0.000000	20	21
