# 	 t_2000-09-18	t_2000-10-09	t_2000-11-15	t_2000-12-08	t_2001-01-16	t_2001-02-05	t_2001-03-19	t_2001-04-02	t_2001-05-09	t_2001-06-23	t_2001-07-27	t_2001-08-24	t_2001-09-28	t_2001-10-29	t_2001-11-19	t_2001-12-17	t_2002-01-14	t_2002-02-20	t_2002-03-15	t_2002-04-22	t_2002-05-20	t_2002-06-19	t_2002-07-11	t_2002-08-20	t_2002-09-11	t_2002-10-15	t_2002-11-15	t_2002-12-09	t_2003-01-15	t_2003-02-15	t_2003-03-12	t_2003-04-15	t_2003-05-05	t_2003-06-17	t_2003-07-02	t_2003-08-14	t_2003-09-18	t_2003-10-22	t_2003-11-12	t_2003-12-16	t_2004-01-15	t_2004-02-19	t_2004-03-17	t_2004-04-22	t_2004-05-19	t_2004-06-17	t_2004-07-14	t_2004-08-25	t_2004-09-22	t_2004-10-14	t_2004-11-17	t_2004-12-15	t_2005-01-15	t_2005-02-15	t_2005-03-16	t_2005-04-20	t_2005-05-04	t_2005-06-14	t_2005-07-15	t_2005-08-15	t_2005-09-15	t_2005-10-20	t_2005-11-17	t_2005-12-15	t_2006-01-18	t_2006-02-22	t_2006-03-29	t_2006-04-19	t_2006-05-15	t_2006-06-20	t_2006-07-25	t_2006-08-24	t_2006-09-13	t_2006-10-15	t_2006-11-15	t_2006-12-15	t_2007-01-15	t_2007-02-14	t_2007-03-15	t_2007-04-04	t_2007-05-21	t_2007-06-15	t_2007-07-15	t_2007-08-15	t_2007-09-20	t_2007-10-15	t_2007-11-14	t_2007-12-17	t_2008-01-15	t_2008-02-15	t_2008-03-19	t_2008-04-22	t_2008-05-14	t_2008-06-18	t_2008-07-09	t_2008-08-20	t_2008-09-22	t_2008-10-20	t_2008-11-20	t_2008-12-11	t_2009-01-15	t_2009-02-18	t_2009-03-15	t_2009-04-23	t_2009-05-13	t_2009-06-18	t_2009-07-09	t_2009-08-19	t_2009-09-24	t_2009-10-15	t_2009-11-15	t_2009-12-23	t_2010-01-28	t_2010-02-11	t_2010-03-24	t_2010-04-27	t_2010-05-17	t_2010-06-29	t_2010-07-21
ARISA_402.4	1.3149099616265	1.1481387658057	0.974813255462583	0.765013828611897	-0.739808413468229	0	-0.86409766924422	-3.06391618553011	-2.85163568553023	0.564913058492776	-1.99944830797311	0.797107501101011	0.664609036677717	0.513381078508751	0.578392203878975	0.186905945662225	0.0657285523236997	-0.824603193947667	-0.524100441981686	0	0	-1.11925515264662	0	0	1.27169743449761	0.866232326389446	0.173085145829502	0	0.718696651897493	0.222509492790335	-0.80596198180266	-1.4991091623626	0	0	0	0	1.62479223527276	0.490132061057489	1.87926295355698	0.0603521756701451	-0.552648306461735	-2.42320343707673	-0.643190178307623	0	0	0	0	1.63197307463885	2.01934631707482	0.793295345112155	1.33172181782359	0.915075441409126	0.600971998937107	0.140472905811136	-0.738678081324987	0	0	0	-0.525732339089313	0.167414841470633	0.572879949578797	0	2.00526465157409	1.31211747101414	0	1.00865050836634	0	0	0	0	2.01444592412808	1.2534766472781	1.42580842119297	0.462324585494914	0.350197834984091	0.22389211226675	0.079295153322235	-0.0898027025683943	-0.724800290080239	-2.90532341773695	-0.387808192275629	0	2.41128833464393	3.10443551520387	-2.94953767425047	-1.23243952351627	-0.63337586446335	-0.592473840622841	-0.997938948731005	-1.69108612929095	0	0	0	-2.12196492909499	0	0	0	1.29254135579139	-0.27926240552143	0.676452985128217	0.137694999615558	-1.11363807100601	-1.80678525156595	0	0	1.81320010051825	-1.15539638685545	1.44321469392984	-1.54966563298829	-0.00567323542330911	0.574570098234807	0.939378378027517	0.405694989274233	-0.665882108788903	-0.841072725579628	-0.410992672203623	-1.06798723862406	-2.37224375857784	-1.21723058044604
ARISA_419.5	1.03661485142096	1.41381460186896	1.23970319827211	1.02874985642402	0.762139906413221	0.317498181901274	-0.657590021665089	-2.3508037643825	0	-2.3781699426815	-1.73196762036739	-0.505062067740434	0.107163127907631	-0.511345917957315	-0.0659988271834275	-0.103847036001607	-0.324462531769523	-0.520139502492729	-0.563649289405693	-1.42301628749254	-2.18003019501634	0	-2.19029882367901	-2.22563877414992	-1.14981662169062	-0.560942319471969	-0.192799532087922	0.0756856817490781	0.0372933700618345	0.136770022797717	0.227240248754317	-0.436437000458544	-3.28237341112025	-1.74602615646294	-2.14983860807227	-1.30055797164901	2.22371442220116	2.21706181428235	2.28044182406126	0.835761737875963	0.444334185299931	-0.207845284592788	0.0409630576354241	-2.24230565097635	-0.935986198951065	-0.667762482200251	-0.666137865078538	1.49166930525655	0.206445879156029	0.45890457811023	0.19670252359388	0.0632941987709166	-0.00393520979052076	-0.0760122737830762	-0.153690789888185	0	-0.936405946421889	-0.682524407451781	-0.545356525732938	-0.424754223996957	-0.31714400427722	-1.03571443505883	2.24976937907423	1.55662219851429	0	0.81330209441432	0	-1.94375668102645	-2.63690386158639	0	0.767008850092223	1.63995602710771	1.62683987293308	0.816944319536863	0.813555715346746	0.810155589464757	0.806743863273026	0.803320457346263	0.180370928587909	-1.81781582254999	0.00713324307716379	-0.919908849178231	-0.409108346199328	-0.0726468758229077	-3.38074707845046	0.478940729844374	1.16149471116426	1.25408803627904	0.911930410182401	0.387711808260849	-0.780695812095014	0	-1.5528698473013	-0.69727605751902	0.564267054657402	1.4399851071753	0	1.37025747294511	1.68339597149217	1.66318087637323	1.14776491223065	0.0258794309619059	-0.667267749598039	0	0	1.09145318115701	0.0805889233434369	3.00110885354594	-0.0603521883557661	0.590677702883749	0.981700079610467	1.2620818034687	1.22468366377954	1.27901575040028	1.33031539933053	1.48908275715472	-0.766596798320719	0.15615758586728	-1.15711784548919
ARISA_421.5	1.77995893254573	0.98964532993848	0.988534873693892	0.987423182965266	1.21420140337862	0.47625292269551	-0.347412581302957	-1.77244148572574	0	0.676231003152755	-0.0965276179830141	0.526090545914737	0.448061655014141	0.772458198924009	0.825762786540811	0.0446663010444119	-0.319291301842453	0.540282207794087	0.216591444008357	0.153071631765595	-1.12933948649994	-0.815317192922398	-0.472385215300352	0.0998268273347875	0.775537855175972	0.868328866885819	0.953236078450744	1.03149487373854	0.0348919664312666	-0.118285720505646	-0.299246675777042	-0.809952264119627	-1.90796459170317	-0.391401921885972	-0.473067632356604	-0.546680359910961	1.52102819029594	0.745540963502151	0	0.111446994194487	-0.201054150333655	-0.658085493588807	-0.833754176163902	-1.67509830739338	-0.65553012389784	-0.328791241414089	-0.545827141888047	1.11322351686003	0.826310301540813	1.08868057460984	1.50139575425242	0.633303227487341	0.33532589832886	-0.0910532622892966	-0.849702469942043	0	-0.635989266552043	-0.825733148775954	-0.381974542950509	-0.0756819398896393	0.158463917868125	0.545576456758503	1.8676464819394	1.17449930137945	0	0.635327440262717	-1.7586798443173	-1.43196348940162	-2.12511066996156	0	0.629906400127098	0	0.778606173477992	-1.39079652512097	-0.22706202439426	0.296294172903891	0.638088959357887	0.892348164281497	0.334383583852961	-1.04042804184211	0.731451084815001	0.83959584471062	1.21812708875311	1.49206521484734	-0.738463195007145	0.294862431686102	0.792103201319741	0.000513297276182989	-0.152403793382364	-0.333000877879236	-0.553563283843418	0	-0.836670279148144	-0.493296850032108	0.792506888730137	2.11429167782439	0	0.984824684540126	0.524736211715009	0	-1.93306391767137	-1.23991673711142	-1.93306391767137	0	0	0.183463704354213	0.106087845412711	1.34848493311247	-0.331989846727025	-0.737454954835189	-1.43060213539513	0	-1.30893234072335	-0.915598583797973	-1.52081449244782	-0.175515914643695	-0.978428654473386	-0.092043445378013	-0.716606341650988
ARISA_435.5	-0.498486663108209	-0.369817805024653	-0.0427280308703195	0.203335627464985	0.776493771084716	-1.9021418794932	0.230908037617216	0.817928380101936	-0.318331103257573	-0.109814529998427	0.241367174886854	-0.460737903565481	-0.68657079207255	-0.697966835981438	-0.569397266643366	-0.608989516644414	0.830545484897847	-0.656863029717504	0.386447798039498	1.08065791542623	0.277767066313687	-0.140613116079166	1.16989168460636	0.999254628700076	0.0649581014646259	0.504452951420606	0.808725262929643	1.04169243148534	-0.026257073325187	0.564141862241505	0.932869547617887	0.858836072279958	0.778880270544459	1.05437894434462	0.204652321944397	-0.73216068265227	0.46437825822535	0.611125362545088	-0.0535403867690412	0.161264689374248	1.0084557984761	1.46041180625434	0.27358100172889	0.762339266474333	0.924638882654832	0.85029577282842	0.846851296213118	0.0909850992781966	-1.18141757429265	0.593448312252931	-0.270074405977238	-0.0849904504109196	0.129686374443195	0.306323357580498	0.456393751849732	-1.49494036802293	-0.284266316175224	-1.15407841764323	-0.545727970350936	-0.170205292361603	0.102162506663781	0	0.641134921536821	-0.0425617214433833	-4.01581974066462	0.278611788201088	0.696085068530331	0.528211863733981	-0.164935316825964	0	-0.0772771860628176	0.296579916410256	-0.0563928869366253	-2.64545602970241	-0.325933924245661	0.316803486641444	0.70488437310676	0.983759676226127	1.1456348820086	1.28492076212114	-0.566153700570172	0.760337094415292	0.369956722622171	-0.279255303278956	1.32020456737549	0.996248555665082	0.514032273566597	1.30670342298069	1.19189714522987	1.06218003835865	0.913092546408975	-0.600919229158854	0.289614494351897	0.0878210820899188	0.447672120956385	-0.552865612037315	0	-0.242076222882813	0.328103278423321	0.129633877999938	-0.293697583558532	-1.04244282075665	-1.7355900013166	0	0	-1.2304795681457	-1.61169782608992	-3.10169965415145	-2.22304433807861	-1.465605158012	-1.03959624065761	-0.741798394165445	-0.576759736060863	-0.618931538339955	-1.53620045846293	0.520281263905014	0.248865934911271	0.462001002165245	-0.848491430154472
ARISA_538.9	-1.67861888576936	-0.163145861769291	-0.279258990086983	-0.410647448382986	0.615248840769527	1.07100244973039	1.11409859209399	0.627683556855964	-0.231786826755523	0.129552770149735	0.954268711693407	-0.907221881124469	-0.265718346758242	-0.101297416483152	0.36378087701604	0.835374947677599	0.397724879692985	-0.189185530660517	0.112794844379131	0.802484295723534	0.406382193635721	0.273858316062855	0.93848674733046	0.894955283373585	-0.649531200817784	-0.524400353475644	-0.413200215637874	-0.313137398206189	-0.698176990710915	-0.338840190025066	-0.075045547495094	-0.427800678622178	-0.977683633678364	0.919494702087746	-0.0777295388593098	-1.61400304396778	-1.24414435815565	0.886780825569949	-0.332401307406206	1.13159428987715	1.10171578047722	1.07091697820448	1.35171041694596	0.430729534335815	0.450361060613972	0.924273758796066	-0.063931274092667	-0.145778187132826	0.749801122165555	0.00537901371089244	0.349647938417192	0.560620565966986	0.228852238999107	-0.271082887039182	-1.31695372840288	0	0.657510071194792	0.689624131391926	0.834127528982522	0.960361887439131	1.07243240918165	0.491731365233379	-1.70557261981643	-1.36433811446419	-1.11038774826181	0.840832218092702	-0.219337460845197	0.58593151520273	0.173002350264087	-0.542877211087818	-0.163269704170776	0.243377771426796	0.190612054525937	-1.24661452955959	-0.85379574649321	-0.572497320205898	-0.353203609061293	-0.173456871152506	-0.0547132796177721	0.0514150169746079	0.541964387389327	-0.249724418295223	-0.769427247732489	-1.91364757471157	0.184404771574664	0.258546042257641	0.327567771573086	-0.132272849576617	0.202080753328819	0.452216220460298	0.652135943578633	-1.39478179752162	0.455266058112149	0.3628213883364	0.625148154156847	0	0	0.435367882887828	0.90513277700876	0.202518766679152	0.447727106073595	0.644492605871784	-0.0278037568362404	-3.21542597640416	-2.28548944775381	-0.221957856058104	0.0810779703457651	0.14501061881961	-0.68837259976483	-0.355839074078554	-0.106719540512521	0.092551891271472	0.206620849182652	0.199150058730009	0.531843415125536	0.216733767381948	0.647372612232005	-0.299303147070757	-1.57673444207215
ARISA_561.8	0	0	-2.57635603424433	-1.88320885368438	-1.14168159248263	0.667649295567927	0	0	2.52989748812859	-0.782014949746661	1.61288628348736	0	-0.192190382217495	0	-0.186008139250539	2.0494363213002	0	0.748988645958543	1.8160625575354	-1.32163496665887	1.06040672626575	0.919523979093891	0.948122067321749	0.91412366569087	-0.195224091023583	0.466685976955387	0.861518050492586	1.14384090486412	-2.24977152218935	0.362939963778778	1.01873027165905	0.537536697691233	-0.424809643256456	0.438155769100589	-1.15076754063826	0	0	0	-1.25046914000741	0.191268111326474	0.450739965665752	0.656567316498929	-0.714418927454377	1.12076385918983	-0.137007368610203	0.300332482965422	0	0	-2.5763577583124	0.837409387913777	-0.494764953865942	0.244717584215067	0.842570087367318	1.21413952395635	1.4844329485016	1.89338529467059	2.77246896442997	-0.0697071994829495	0.296662683749569	0.564208628106405	0.775072960920524	-0.698734723363432	-0.699801967348956	-1.3929491479089	0	1.10039266365584	-0.231727178462513	-0.0523141212412455	-0.745461301801191	0	0	0	-0.600605446954471	-1.88062007335105	-1.07525266442575	-0.635014986010479	-0.33038978670811	-0.0972164625691772	-0.027915663689031	0.036892216158094	0.750842949164875	-0.40886625011203	-1.10201343067198	0	0.646309340645762	0.417653491248863	0.120716189739031	-0.74239158452872	0.729033575914417	1.30024019396704	1.66151411248306	1.99076968267088	0.962103018674491	-0.0590730894155413	0	-2.25352961347702	0	0	-0.398279498001576	-1.31673172191652	-0.533911762886011	-0.100257817100285	-0.793404997660231	0	0	-0.948468077048356	0.726735758917673	0	-2.13809798887515	-1.61204015006201	-1.26911018453375	-1.01422606707736	-0.813751629273843	1.90247131948709	0.419800786777834	0	-2.62948178379103	0	-0.558687530483051
ARISA_570.1	-1.18345058790818	-0.0750539571059434	-0.207492151294602	-0.360187089744838	0.551220239762957	-0.0490619640160714	1.1207846766958	-0.341522629781109	0	0.377261883875474	0.880986270948148	0	-0.250088042052145	0.0236645918960088	0.973530905592421	0	1.48834963603223	1.1047058024552	1.63125464827834	1.38010878627322	1.60220711564844	1.93183612518947	1.15672489024956	1.12102272480114	1.15793010274744	0.8779055071843	0.487581655720914	-0.161470544357306	0.128696431358366	-0.364420073061847	-1.37890615163764	-1.08820506703232	-0.86325447369106	0.597955529793999	0.3442591766759	-3.11581112467674	-2.62707850356349	-0.153401654088557	-1.3634698290678	1.11918787264959	0.50489576422718	-1.38126915750291	1.17355837632645	1.44952246365949	0.258146765793927	-0.4899612930602	0.154324159386374	-1.30109804257789	-3.25189361939036	0.0855709605087052	0.34867791008097	0.224669286283433	0.177067580631007	0.127086204469511	0.0744746543485402	0	1.06809559888446	0.531398563280515	0.530102418666745	0.528804591881541	0.527505078552894	1.03397596020604	-3.11730022560402	-3.81044740616397	0	1.22405235253706	-0.9515302876316	0.0971976452370695	-0.595949535322876	0	-0.375234796206263	-2.96850833161033	-1.80831323706219	-1.02369933514617	0.0309479061461477	0.532743717460334	0.865320933672713	1.11446488825711	0.686008822006699	-0.0794637718754769	-1.41486576475877	-2.23794113141624	-2.28476532220715	-2.33389018594641	-0.212032256642977	0.579507318151447	1.01573011804351	-0.0180296632387229	-0.012236089140214	-0.0064758872907511	-0.000748675428344114	0.656899018230586	1.603978761894	1.88251700636725	1.29378629176713	-0.893117456565697	0	0	-0.259768387457195	0.435001870688105	1.40064808915592	1.882619146657	1.18947196609705	0	0	-2.10855350906497	0.579246530196041	0	-1.91256401750339	-0.609286623889538	-0.0621136772544286	0.289540453257871	2.02589198268885	0.863305800510125	0	0	0	0	0
ARISA_573.6	0.0763842502195038	-0.921225882685705	-0.250005896030467	0.148041985133674	0.166038124480375	-1.48290671922442	0.0417761401807848	0.42804709970211	2.7308991502662	0.775060122496867	-0.338595362298491	0	0.382798064333916	-0.232533199830205	1.0549093084783	1.58092673051445	0.784987009172216	1.09034143090889	1.17517761772555	0.159586108520731	1.90777801979982	2.38194280722258	-0.731739945990307	-0.777590234366572	2.23381871805183	1.82835360994367	1.13520642938372	0	-0.960483412610173	-0.478990501445387	-0.155357690323638	-0.336661427158828	-0.558280188323033	-2.06818124689881	-0.541923510507056	0	0	0	0	-1.04950650431015	-1.38607376152745	-1.89712113513639	1.17291665878943	1.08323953183107	-0.218911431421579	-0.295572034614984	-0.510976132002039	0	0	1.06723777246196	0.448477080016944	-0.0335215374582845	0.118966612902378	0.251249292032445	0.368060026909542	0	1.65107282050195	1.62810482317861	1.34491507434287	0.948374520115455	0.281532840758703	1.82031106982446	-0.756921074584825	-1.45006825514477	0	0.0058522229188549	0.69648129741531	1.37722687949595	0.733229244265332	-1.61098537973031	-0.205684569044883	0	-3.01130868069295	-3.02075228049328	-0.911122779019461	-0.280533625134738	0.103177835547974	0.37980301366571	0.160292399444549	-0.121363954235141	-0.500229112523996	0	-1.92908108934431	-1.23593390878436	0.0874894043593031	0.508167252336467	0.803369780484082	-0.277520056629548	-0.363361813206648	-0.457270251901437	-0.560920192491491	1.46774061859805	1.11528074806847	0.519829903087568	0.00892946017954088	0	-2.0296141360787	0	-1.3726974359409	-0.368232574655739	1.50030218738842	2.1131338931876	1.43840268186011	-1.87218108877329	0	0	-2.90201388331355	0	0	-3.08556436303954	-2.39241718247959	-1.98695207437143	1.68083861147172	0.962809231802793	0	0	0	0	0
ARISA_594.1	0	0	0	0	0	-1.01724344348076	0	0.877942647114899	0.340835644085397	0	-2.38950672679637	-1.84161273814381	0	0	-1.1670924505589	0	-0.323575751478607	0	0	0	0	0	0	0	0.979412005559023	0.573946897450859	-0.119200283109087	0	0	0.0458951438345609	0.739042324394506	1.65699951148183	2.12741932097446	0	-1.05088076019413	0	0	0	-2.51223174670608	-0.545900858966402	0.931942387119204	1.50397833784212	0	1.08841768216534	-1.80006239711705	1.53794564736486	-1.47376639193543	0	-0.152918993406836	-0.444181542418633	0	0	0.880001003238519	1.57314818379846	1.97861329190663	2.55864251823175	-0.591896479324213	-1.64280129754991	0.134632124930095	0.739455325927931	1.11365610487256	0	0	-2.48421589300887	-1.79106871244892	-2.48644383136876	2.29136810987723	2.36245153021852	1.87490172850869	0.885175367142974	-2.64334790474022	0	0	-1.28322501424429	-0.985457622527706	-0.756311343901529	-0.570007894083579	-0.413022681200713	0.467442750491629	0.928285860323837	-0.0386607641275472	-1.91661254595628	-2.22800518206342	-2.68264770659832	2.11414263195693	1.42099545139698	0	-1.05909440133351	1.3633403649652	2.01112119026276	2.40099500067035	1.08837473174312	-0.935901307807684	-0.555190275500633	0	0	0.204894314484079	0	0.495712379643236	0	-0.791421607755646	-0.098274427195701	-0.658079108951542	-2.04569672682346	-2.17510383931558	0	0.526789538508941	0	0.807942069552094	0.402476961443931	-0.290670219116015	0	1.82508911195216	0.967330013174218	-0.140518456701051	0	0.639015764021801	-0.937509072457479	0.579587427782981
ARISA_662	-0.0299456308507366	0.78724495757162	0.766752304368931	0.745830900779948	-0.312805191718227	-1.18659767331715	0.805048099752783	-1.0048360564108	0.918575812958518	0.584845780027646	0.133949406990688	0.00937021029819096	0.0597826128176	-0.00457334552424893	-0.402737194627447	0.00394056670460063	0.309870784908292	0.531623723315633	0.0764559041139776	0.544225530822272	0.582643487088604	0.402792594603697	0.383435232509271	0.32026970718152	0.413128874101251	0.347514648018515	0.277290980872389	0.201760974955067	-0.154949667160271	0.22820965417759	0.504549434896856	0.501950419615762	0.49934463184862	0.352640835228491	0.460826753849018	-2.41083869926759	-0.952290169945032	-1.2744640547561	-0.664838283080523	0.51588995207557	0.0104856167393739	-1.06145251284861	0.448549656499291	0.238545335670072	0.693299315582693	0.24472989951837	0.502522092687767	0.10586246692927	-0.552338642910914	0.282917869254543	0	0.19390208310179	0.0761635380826191	-0.0573106552024361	-0.211385074332794	-0.555876542411644	0.225755742485227	0.537842913759286	0.459230929559005	0.373907772740949	0.280619702210317	0.339095003203912	-0.422174206690085	-0.784225079588726	-1.35740850607173	0.210718202096246	0.30790834683975	-0.240747247606649	0.591487988273336	1.03932543933053	-2.60578056108396	-0.512964625095608	0.54364438861412	-0.384301663726744	-0.120900396318138	0.0873865496337607	0.259679646913043	0.406605063685521	0.31819177164447	0.221196695366507	0.281023510248005	-0.0942138188122201	-0.214689791623055	-0.35169422216795	-0.244872468774473	0.200934971602414	0.508193868302143	-0.259279467003689	-0.274014304167577	-0.288969507869431	-0.304151769685551	-0.589929357227066	0.689691080081965	0.536399821649131	-0.0301919075905066	-0.788766189060191	0.580474726715129	0.381190828672856	0.166260328425004	0.570392788547212	0.297534511819368	-0.0789263863157426	0.0167186834968676	0.104009049847751	-0.0352922708830388	0	-0.000160810026339053	-0.802559053440647	-0.493021806221674	-0.142156210543132	0.117065908186805	0.322736406361116	-0.540455227889074	-1.04563160582072	0	-0.181665736161923	-2.23439690535137	0	0.218815206351067
ARISA_666.4	0	0.146460938219523	0.258708605982915	0.359618659932278	0.346323484205276	0	0.60237420765498	0.275224469915543	0.573409447087655	0.153985808390984	-0.308120279853812	0	0.725285618477675	0.638810575529955	0.440015378238782	-3.09362750668387	-0.723617086837508	0.542120027140566	0.567517329362762	0.747808418588681	0.687958593932082	0.182557081477527	0.463129048094468	0.350776391885375	-0.38591636992597	-0.0108126098768171	0.261335963040476	0.475042260356091	0.08372743436255	-0.0908240608444055	-0.302424561211827	0.130467002478738	0.431585286063664	0.286589959423053	0.663841139198296	-1.74231145480123	0.0704717765779095	0.103790273855957	0.302458363726003	0.00494815749030808	-0.0346914622452634	-0.0759674703446516	0.53366470361631	0.407214336324187	-0.0808399424853441	0.313594375315331	0.31510257199695	0.128941486843589	0.0516250132138465	0.238130926780935	0.889880342109976	0.570143795098292	0.327364318611469	0.00607379289566179	-0.470199256794588	-1.99251267066463	0.208928665214396	0.450521571108865	0.264443590387271	0.0356388123301787	-0.261550446823392	-0.180564932488719	0.190499050879441	-0.360203526060952	-1.68623545555575	-0.258957136833376	-0.571681661367326	-0.528008999406548	-0.945797420273756	-1.67685279559164	-0.303330537738553	-0.00221229674462631	-0.20168876892115	-0.465304697076149	-0.443634867862015	-0.42242467745615	-0.401655031370744	-0.38130800079216	-0.101249900626085	0.117291210433454	0.713878983688034	-0.0406569379249366	-0.233312871430164	-0.472161038410314	-0.0273531802404885	0.0939511939463622	0.202119879712229	-0.249742351037745	-0.0348669047545402	0.141904357471955	0.292071595355201	-0.52279531082077	0.0058593957227604	0.225016512449348	-0.283797116305414	-0.343652049434034	-1.62886124885687	-0.503341066569754	-0.145421566834249	-0.40707796754479	-0.0224030807022815	0.254719514468627	-0.26130595090549	-1.38633092490982	-0.931662450656068	0.620004368344335	0.0982908174219848	0.188668250038461	0.0284882257560781	0.149319609958834	0.25711213153096	0.354407744408421	0.0859630932187119	0.41527310339051	1.43069405943943	0.950850861515855	1.57551491676275	1.06752195719377	0.922237067251914
ARISA_667.6	2.06842195237074	0.290384866152342	-0.402762314407604	0	0.206279764777672	1.4268726536583	0.447857830451709	0.383938024233244	0	0.619449269696614	1.41676627461905	2.17747338202418	-0.380733555007336	1.09252058692022	0.760972371249249	0	0.396268623218571	0.323563052830042	0.364095730877725	0	-0.314252940250796	0	0.593903963281273	-1.04216829828695	0.774601543319613	0.517704727293427	0.171104983203345	-0.363758157238516	1.74895296019899	1.05580577963905	0	-1.41510371408443	-0.721956533524482	0	0	-0.0885058830329966	-0.657626243947338	0.105355546393767	0.575961180692327	-0.321462857509616	-0.414616676207682	-0.517347938480312	0.242708052320946	-1.21145019189897	0	-0.893747553146509	1.23343398481411	-0.544163554270803	0.681679849321365	0.686672296494836	-0.455310429875937	0	0	0	0	0	0	0	-2.21664898067058	-1.52350180011063	-1.11803669200247	1.06908899013749	-0.306408773130069	-0.670502758506999	-1.24891059286459	0.417308993999458	0	0	-2.16137998778128	-1.46823280722134	0	0	0	-0.152763262242324	0.152178896598059	0.385537288971238	0.574611228204364	0.733557274952133	0.531885879989437	0.278996897886041	0.132518095115414	-0.529166203394548	-0.336633076377053	-0.175251737202409	-0.553250417179253	-0.909630752593205	-1.46851039871763	0.939804965409735	0.534339857301571	-0.158807323258374	0	-1.43854149412055	-0.843076101036468	-1.06694459318111	0	-0.513487610805125	-0.332305592697195	-1.31939166356408	-0.43519347897089	0	-0.165093844138246	0.528053336421699	0.216401796495857	-0.238797914438008	-2.15543168308287	-0.725552519398807	0.324787393184637	0.839094025516539	-0.927816372406157	0.283829789010719	0.815806070843458	1.16120770074184	-0.556302905309941	0.721505281634928	1.44840769703556	1.01111528396996	0.668546047668804	0.634968537618677	0.694237598812119
ARISA_670.5	0.103427250273913	0.49301830833009	0.328937065870232	0.132544933166762	0.271658983921208	0.913982388824192	0.494844477184018	-0.892263547764309	0	-0.630559591346344	-1.02053336943287	0.534324159044969	-0.0405557066682736	0.607977078464608	-1.21271419504217	0.788851559171421	-1.08365940345667	0.577695878083564	0.334351607476997	0.0552389123386203	0.0685649077241504	-0.60043237368405	-0.329398333379438	0.328880191899416	0.324568766853834	0.270761883397967	0.213894355167858	0.153596878553659	0	-0.843403794169034	-0.150256613609088	-0.263627686079046	-0.391515007485859	-0.52650279817026	0.724954786513998	-2.56587805478522	-0.542062274766906	0.159596725534903	-0.420085176682389	-1.12925798611353	-0.614799821663892	-0.276774812223219	-0.0853160192328373	-1.1408575756811	0.251739320259786	-0.00474476903808574	0.173127556147187	0.389963640002233	0.245956255593012	0.0416659446037015	0.492161480007269	0.496415834289368	0.335857609440077	0.144495949612268	-0.0923628595927068	-2.1205390178285	0.391006324069408	0.648990296898383	0.470223976270626	0.252389691519797	-0.0265057676652525	0.346477860975768	0.559650166654678	0.0397035200620754	-1.10580514421275	0.113751168722363	-0.378096862366848	-0.103796675151929	-0.334819315326077	-0.635772748265942	0.82303312299766	0.550007118157473	0.585552359025987	-0.237371475042247	-0.177098604006779	-0.120252961432465	-0.0664656710824754	-0.0154243815396202	-0.197416407897542	-0.420065867075116	0.905592326490992	-0.417140384712082	0.0283323609066088	0.335433604232351	-0.498023742644679	0.36383235122612	0.819751392808681	-0.0312176585591057	0.206984770333535	0.399221053185085	0.560393974402343	-0.532485200579314	-0.203070894472176	-0.320305215044088	-0.256173895498224	-0.527252105965226	-0.171927422876755	0.0349696769222843	-0.253336981936636	0.597429921275237	0.55296438015259	0.506429273505021	0.0890848356453939	-0.640571266266591	-0.435670956860618	0.282603114813878	0.364032304052223	-0.106201950340254	0.0250611794103253	0.140017773895992	0.243111370576262	0.336562968520521	0.245196848152453	0.359414433715298	0.706570253148339	0.669548197853313	0.475566162983359	0.428239688920524	0.280185834482368
ARISA_676.9	1.56623670875894	1.44084949203818	1.31145122808038	1.16278494680223	0.936972193220076	0	0.272160978666243	0	-0.396508121507679	0.283697260829921	-2.60905675637742	1.48688061286661	0.947657809992742	1.50105051039949	1.20796360041047	-0.36389671513436	0.380862649001022	0.630913036520061	-0.027572802551366	0.0647338871279679	-0.932714545353096	-0.0507572733764663	-2.57329019921443	-2.61570765643748	0.538728305146463	0.31245326717331	0.0195301596508308	-0.396500150812304	0.88142079850241	0.461346685620915	-0.276953431035032	-0.753183531268236	-1.69477523333175	-1.74442151477791	-1.67831597673039	0	-0.430231353433442	0.268712589573254	0.747790837033256	-0.0879749684756055	-0.355848706805931	-0.722836766580134	-2.35719835119274	-2.2840092248638	-1.03329252623329	0.346480831949126	-0.23246360880808	0.977711758471034	1.22327761238024	-0.0915752883670482	0.849140439958575	0.742180236515741	0.357414285722859	-0.276088328880098	-2.43196744098015	0	0	0	0	0	0	0.798298273230555	0.582206904492894	0.263108420957577	-0.208315128589486	0.486946949981148	-1.16642841836283	-1.17323759341023	0.56867743229764	1.17015626562595	0.434362001607745	1.25497237156071	1.34671925688425	0.970361351618572	0.791795369220799	0.574258865563706	0.295852568953255	-0.0913151843319797	-0.487941139374864	-1.15503019345079	0.572842417492052	-0.161245232027839	-0.53272036295372	-1.13032427939212	-1.50165470207758	-0.932551201140881	-0.572106234015632	-1.126550045468	-1.32006310781726	-1.5602323237984	-1.87695095184763	0	0	0	-1.73746828847333	1.36499651770286	1.16427455662948	0.552005246294023	0.922059168256968	0.921951238196221	0.350286074661626	-1.12468195238843	1.09317559358475	1.73036490791162	1.80156546083679	0.27169871637574	-0.890856827576779	0	0.827754673759384	0.820502649185629	0.813197648332301	0.805838891513325	-0.479961619222986	-0.435851236290062	0.0436140427942391	0.102170914763302	0.605617800857714	0.630118627555139	0.230472593428713
ARISA_679.4	1.08845153699948	1.00804370773606	0.947846102163236	0.8837913124386	1.06163565700208	1.09632955281048	1.68767256519439	1.26569263057436	0.420819748798979	1.94942504582626	1.177820892669	0.822964721642761	1.38113378463658	1.71407570953026	1.38846742237477	0.924779631113775	1.3085087095256	1.58960751406625	0.95740270407433	0.454941390681719	1.45226686845848	0.555480948776609	0.749632966435732	0	-1.09143257105627	-0.46878684150839	-0.0879717734279106	0.187153610723774	0.772993074338745	0.0798458937788	0	0	0	0	0	-0.940440290284731	0	0	0.968986658789956	-2.13575738618252	-1.18523435402086	-0.706852667880491	-0.163110264852055	-1.09575479959843	0.906051143347276	0	0	0	-0.189216406344565	-0.296236490798934	-0.204631981420372	-0.461922278675073	-0.674338416944334	-0.944393299285473	-1.31550965832752	0	0	0	0	0	0	0	-0.227885470408108	-0.283735979986436	-0.342891251333628	-1.18825472446838	-1.59675651437964	0	0.0600433139628089	0.753190494522754	-1.78142771698896	-0.52031659727154	-0.0233242493555883	0.159210725487118	0.559070145414796	0.843937545665507	1.06538848305064	1.24658003682588	0.575053531867519	-2.57669536655783	-0.458378491123194	-2.02793517202572	-2.72108235258566	0	-1.23340353796411	-1.27264315493053	-1.31348562898497	-1.77596212368912	-2.18142723179728	-2.87457441235723	0	0	0	0	0	-1.54971931705681	1.130036348011	-0.869391712963616	0	0	-1.00620276993483	-0.313055589374889	1.22331785267829	1.80264664015027	2.05814391498292	-1.82545768331756	-1.88792429814366	0	-0.875372264083795	-0.272291881195824	0.101253374359033	0.372585128393152	-0.294112757095075	-0.330695657316625	0.784412834383926	0.922470715277198	0.938949886578259	1.16009907198733	1.02778183919182
ARISA_682.4	-0.11024672979873	0.0265292601336506	0.493487942292278	0.810554535576462	-0.314495564867605	-1.08658850378279	0	-2.17878164327473	-3.44379514950484	0	-0.422382197467056	-0.499032898703912	0	-0.390398108184448	0	-1.90378752553715	-2.08740036530388	-2.64960663473449	-0.495209402992611	0.252553877339959	-1.31936195312402	0.128186358992498	-0.592238634053311	0.25135613408713	0.71781364993807	0.557331181857398	0.366077222715278	0.129383660282461	-0.278922103187943	-0.110649353223645	0.0333442353570814	0.108575375439303	0.178540639755687	0.778938110768981	1.27330966210936	-3.18135237897038	1.02031423630421	0.800416411950756	-0.833075709450952	0.171980819662504	-0.115122735068272	-0.519431810815624	-0.222877548167937	-1.16855152128578	0.34525253053858	0.10435727206541	0.88224733877758	0.470193869756406	-0.139887906464359	-0.262598746329083	-0.134635113605394	0.131053303552727	-0.168528066010291	-0.598225162371294	-1.36780414297733	0	0.249712715278198	0.877124223481158	0.703381081970492	0.492968732390614	0.226151635836492	0.52137675601764	-0.108044987770681	-0.259335700738524	-0.437666995756217	0.0657517758461386	-1.41129413859148	-0.289158230464666	0.356821346207216	0.746056222745534	0.591455554539023	0.577472593726244	0.515303438688102	0.350078639602056	0.116549676225443	-0.188684754248758	-0.630206781854943	-1.44005022141671	-0.523299684833033	-0.0531811374367575	1.07573198703348	0.920690934823056	0.959051421891308	0.99599458390177	-0.327009439125664	-0.147950903390845	0.00386251108173985	-0.614439356779183	-0.483320431894148	-0.367417792026416	-0.263564142995242	-1.08108331761563	1.12438731720671	0.906985084260015	0.715316275066079	-0.208913479831826	1.35511308875037	0.272581904209101	1.05433005368635	0.427829662574823	0.0909416363046081	-0.420854836152664	0.46305079017809	0.924791573418069	1.32282768503402	0.794849908554302	1.379526030758	0	1.12224254562686	0.925465033581303	0.680238005545354	0.35463056985247	-0.243405909799632	-0.210100970446213	-0.0358178920362553	0.42714424295654	0.441771129117592	0.623732972257569	0.554699744985686
ARISA_686.9	-0.595780031717676	-0.789364937300976	-0.267581037716763	0.0735510901410827	0.0201259616318703	0	0.880230445335807	0.967275250598262	0.766874685142817	0.603517788710013	0.323749577168025	-0.522031946351417	-0.205346815489998	0.392900250905364	0.0208234713534967	0	0.0148520189255286	0.275279916932475	-0.129643534580502	0.809559192789055	1.37926035394696	0.713248215294963	0.873840239251772	0.74545035753163	0	-0.835599605884913	-0.142452425324968	0.263012682783197	-0.754024276454694	0.0860484684433365	0.536054012398485	0.845927595621723	1.08215345350569	0.432028396565484	0.967918517876071	-1.44596098747319	0.00181098457927531	0.449292361375564	-0.679331822526007	0.0279935013495263	0.269385993484969	0.463691084841301	1.08424039287475	0.98509890271167	1.15609707045093	0.78891346725676	0.645937115969118	-0.163901568702661	-0.351380810683231	-0.26821520000055	-0.141408170307311	0.180374022826622	-0.127263804368259	-0.573876380696991	-1.40171822547896	0	0.240087881673045	0.73014802168709	0.500936527584067	0.203058670911979	-0.223115269161372	-1.5196892554394	-0.449951866431497	-0.780437762379066	-1.27743306491761	-0.928327785435954	0.0286381571599463	-0.0240799372001219	-0.107654777173655	-0.198856641019435	-0.149331348246091	0.487513581204228	-0.522879681903442	-0.511385216601226	-0.488759194061986	-0.466633802026152	-0.444987365010735	-0.423799585460336	-0.064322755255994	0.199546971781571	0.616366018038065	-0.386594863779819	-0.513789057104281	-0.659552129329464	-0.00617017956512322	-0.217360855471276	-0.485433581453671	-0.494554700383176	0.194891980918208	0.599120539961489	0.886183764012643	-0.245812173567733	0.180617552339284	0.127993441846936	0.263962202242983	-2.18957499454726	0.372244392787993	-1.1531014462335	-0.069148590909637	-0.369238026240311	-0.15154358041885	0.0271286731797962	-0.167141490238434	-0.408479984744331	-0.717464100001274	0.280347757233751	0.204674849191289	-2.28417906088398	0.0555912538306571	0.00477928731708843	-0.0487533967833014	-0.105314724662993	-0.275810596167077	-0.694564959304032	0.711913575922272	0.80478670219915	1.13486674692899	0.548105453020212	1.09008853702629
ARISA_689.8	-0.0774452902789928	-0.0472000601641334	-0.0634885959935447	-0.0800468475588474	-0.318914585105326	1.60363612297861	-0.860492516627759	0	1.06336925656952	-1.03503733199182	-0.81608482881324	-0.849661884943065	-1.45892165177852	-0.53892153657053	-0.227765068961441	1.60687279609494	-0.45117655183241	0.709650932509499	-0.389803042709869	-0.815459893222862	0	-1.84551808616775	0	-3.07019231469863	1.76166162166197	1.36355692913105	0.692171418598285	-2.45314761620493	0.211824106299711	-0.481323074260234	0	-2.73974986873763	-2.04660268817769	0	0	-3.05958054045292	-0.232869046313529	0	-0.0927917435634011	-2.55448629457954	-3.24763347513948	0	-0.462933564816326	0	0	0	0.114393627917457	-0.705317273052511	-2.36944083545867	0.137512103310415	-0.16558978629809	-0.389061897354352	0.16891556469558	0.524934425989334	0.786945236814836	0.177452733951142	1.14547959166504	0.6582374020303	0.616118040646089	0.572146333162122	0.526151827861235	1.14384700043918	0.522015224291554	-0.0691017730080272	-1.7090225602599	0.758827422006975	0.0955184549883974	0.649316022333427	0.296445098857411	-0.253723469064499	0.488820502488471	0	0.805194698900125	-0.249624320945818	-0.179837138130778	-0.114604111764742	-0.0533670915182194	0.00433536181868277	0.813722586181914	1.25511404599789	1.390909869173	0.543542846567143	0.406653905755282	0.248008886744416	0.545834418500206	0.73017803214558	0.885770539091594	0.491900489225687	0.0864353811175222	-0.606711799442422	0	0.913006755698488	1.17559809299981	0.577035181784807	0.0468086822299671	-0.849335468000685	-1.00806923218616	-0.321659631931867	0.627353105209109	0.164126333547469	0.771681346064654	1.14690648001659	0.647297048554579	-0.397047129551511	-0.495309762760941	0.70993169733032	1.43471369485851	-2.39399959864412	0.344756704218193	0.536235067492766	0.696875365974517	0.835246483134012	0.83444801140741	1.71882929062046	0.928409803166001	0.903768301951688	0.407999543212814	0.313379739885272	0.31024329116871
ARISA_729.4	1.09591467901664	0.93378810562665	0.573432644228999	0.00455585812286419	-0.586311600845715	-0.00394172018117711	-2.17967772318798	-2.2227344701647	-1.24265056162828	0.37097698234589	-0.272070404891563	0.487692994765666	0.898077484470674	-0.627666064335926	0.275859462020541	0	-0.585382904479777	-1.53077522679985	-0.576184773437559	-2.07080189377952	0	-0.578243188730983	-0.625500102904422	-1.36748272863655	0.716176041054554	0.55727958738102	0.368275880654764	0.135024630265657	-0.192006604732613	-0.575825661700867	-1.20671156525234	-1.89985874581228	0	-2.06468903620535	-1.87226806011255	-2.35339867477205	0	0.249301348646293	0.373553985968943	0.526326428176594	-0.0727075496518728	-1.78950488064212	0.191033446210779	-0.122987153706481	-0.225013641635682	0.36071697320018	-0.213313222863567	0.368303237021476	1.86053125360314	-0.374151064618756	0.0136142056158572	0.760500232151807	0.355035124043642	-0.338112056516303	0	0	0	-0.077156978397638	0.0716599703098106	0.201172311766877	0.315818213015493	0.593695895971297	0	1.155448386768	1.84859556732794	0.883076805195103	-1.32249323704315	-2.35001153723334	0.0479354178130063	0.694565043730862	-0.0439014968845344	0.546357195278781	0.945308991663183	2.03188315442002	1.76042269646671	1.38663211720577	0.782899989732254	-0.98279348322197	-1.0272291982277	-1.07373163825342	-0.678645967274365	0	-0.261986811644469	0.431160368915476	-0.149099515995839	0.0774158273719809	0.261978945952355	-0.138244204834131	-0.472373225645242	-0.977752604377504	-2.04956990113266	-1.2049899106714	0	0.0440270473786368	0.46893068446173	-0.0684344809451645	1.31195765205059	0.0411734653729425	0.583686935093663	0.26147031520339	-0.0627305960500415	-0.545495504243889	1.0043112402862	1.58524727317274	1.49468933604176	0.508047931141562	0.920540812204823	1.87600364752253	2.27369319914549	1.96045540045141	1.50183194741334	0.629809426091663	0.639437398368148	0.822642900410621	-2.52922336610582	0	0	0	0.345880845100258
ARISA_828.8	0.136798288960883	1.67563787985433	1.81430119021876	1.93605758867399	1.33813992545533	0	1.26403933495469	0	0	1.50762097045703	-1.57717884208525	2.42571247690424	2.70830242925787	2.46362135564398	2.15502297111789	0.2458604502071	2.04209080911839	1.36388526332049	1.8236763769468	-0.786613429894884	0	2.12749334429	0.0117982332679363	0.547440386227712	-2.6637337823839	-2.31213192287764	-2.0525100167932	-1.84658845289511	0.830410093629454	0.137262913069509	0	0	0	-0.466211925420675	-0.59366943750881	0	2.2504932870622	-0.216067524646413	2.07882970562766	0.53832179907806	-0.154825381481886	0	-1.05615727511375	-2.93640949934732	0	-2.89019472417765	-1.19278290618628	2.42903015599981	1.87897207938893	-1.56733320037374	1.77489970669402	1.56122209537951	1.15575698727135	0.462609806711405	0	0	-2.04244476850743	0	-1.9058167815072	-1.21266960094725	-0.807204492839086	-0.315146063753159	-1.3824316461663	-2.07557882672625	0	1.10554778023154	0	0	0	0	0.45068503035977	1.1306541916982	1.30593299983745	0	-3.44315954104524	-2.7500123604853	-2.34454725237713	-2.05686517992535	-2.7500123604853	0	-1.06582463807642	0	-2.48029544073899	-1.78714826017904	0	-0.937628442895997	-0.244481262336052	0	0	0	0	0	-1.16827507132009	-0.853903167866037	1.67947040440487	1.11083695332554	-2.67579248021819	3.32989308927847	0	2.74480426416236	2.05165708360241	0	0	0	0	0.94773451970951	0	-1.42324622084528	0	0.0962017662638948	0.789348946823841	1.194814054932	-2.58799680899159	0	0	0	0	0	0
ARISA_831.8	-2.12485355056476	1.64466328093456	1.13552730802924	0.0453207133434708	1.27509466415527	-2.35306945759406	-0.719561672460173	0	-2.04960909379446	0.367027263916881	-0.96950096717785	2.36482677357743	2.58888478646892	0.278817590594985	2.00504117127251	-0.842958632484618	1.04673622638496	-0.120128654748001	1.47188244924448	-0.6142102796587	0	0.476392738191863	-0.953683984006539	0.0112073862978823	0	-2.75853274759809	-2.06538556703815	-1.65992045892998	1.16157803631832	0.468430855758379	0	0	0	0.0274774132234192	-0.0495855335468072	0	1.32822113542275	0	1.53826952033388	0	0	0	-1.88762465015946	0	0	0	0	0	1.04076476496412	0	0.115334421609542	1.4408271721441	1.03536206403594	0.342214883475992	0	0	-2.38635786869516	0	-1.85577660989337	-1.16262942933343	-0.757164321225264	0.113488210645982	-0.345966025780061	-1.03911320634001	0	1.4677262723501	0.475757457818142	0	-2.84438237107006	-2.15123519051012	0.959070077168861	1.4920735101369	1.58870069162821	2.61623121941863	2.32854914696685	1.92308403885868	1.22993685829874	0	0	0	-0.573511189840751	2.49951361333037	1.82448654196196	-1.50214560370912	0	-0.106861159463089	0.586286021096856	-2.34401459363204	-2.30283534633998	-2.26328497463962	-2.2252395041289	0	0	-0.440162322660245	2.31091354815243	0	0	0	2.37033536842479	0	-1.99794665274294	-1.30479947218299	-1.99794665274294	0	0	2.60969906360704	0	0	-2.27610646367955	0.660294593489823	1.32655538661406	1.72289529056562	-2.26939532186169	0	0	0	0	0	0
